W0507 16:32:32.598000 1064823 torch/distributed/run.py:803] 
W0507 16:32:32.598000 1064823 torch/distributed/run.py:803] *****************************************
W0507 16:32:32.598000 1064823 torch/distributed/run.py:803] Setting OMP_NUM_THREADS environment variable for each process to be 1 in default, to avoid your system being overloaded, please further tune the variable for optimal performance in your application as needed. 
W0507 16:32:32.598000 1064823 torch/distributed/run.py:803] *****************************************
/usr/local/lib/python3.12/dist-packages/torch/library.py:363: UserWarning: Warning only once for all operators,  other operators may also be overridden.
  Overriding a previously registered kernel for the same operator and the same dispatch key
  operator: aten::mm(Tensor self, Tensor mat2) -> Tensor
    registered at /opt/pytorch/pytorch/build/aten/src/ATen/RegisterSchema.cpp:6
  dispatch key: CUDA
  previous kernel: registered at /opt/pytorch/pytorch/aten/src/ATen/LegacyBatchingRegistrations.cpp:1079
       new kernel: registered at /dev/null:45 (Triggered internally at /opt/pytorch/pytorch/aten/src/ATen/core/dispatch/OperatorEntry.cpp:218.)
  self.m.impl(
/usr/local/lib/python3.12/dist-packages/torch/library.py:363: UserWarning: Warning only once for all operators,  other operators may also be overridden.
  Overriding a previously registered kernel for the same operator and the same dispatch key
  operator: aten::mm(Tensor self, Tensor mat2) -> Tensor
    registered at /opt/pytorch/pytorch/build/aten/src/ATen/RegisterSchema.cpp:6
  dispatch key: CUDA
  previous kernel: registered at /opt/pytorch/pytorch/aten/src/ATen/LegacyBatchingRegistrations.cpp:1079
       new kernel: registered at /dev/null:45 (Triggered internally at /opt/pytorch/pytorch/aten/src/ATen/core/dispatch/OperatorEntry.cpp:218.)
  self.m.impl(
/usr/local/lib/python3.12/dist-packages/torch/library.py:363: UserWarning: Warning only once for all operators,  other operators may also be overridden.
  Overriding a previously registered kernel for the same operator and the same dispatch key
  operator: aten::mm(Tensor self, Tensor mat2) -> Tensor
    registered at /opt/pytorch/pytorch/build/aten/src/ATen/RegisterSchema.cpp:6
  dispatch key: CUDA
  previous kernel: registered at /opt/pytorch/pytorch/aten/src/ATen/LegacyBatchingRegistrations.cpp:1079
       new kernel: registered at /dev/null:45 (Triggered internally at /opt/pytorch/pytorch/aten/src/ATen/core/dispatch/OperatorEntry.cpp:218.)
  self.m.impl(
/usr/local/lib/python3.12/dist-packages/torch/library.py:363: UserWarning: Warning only once for all operators,  other operators may also be overridden.
  Overriding a previously registered kernel for the same operator and the same dispatch key
  operator: aten::mm(Tensor self, Tensor mat2) -> Tensor
    registered at /opt/pytorch/pytorch/build/aten/src/ATen/RegisterSchema.cpp:6
  dispatch key: CUDA
  previous kernel: registered at /opt/pytorch/pytorch/aten/src/ATen/LegacyBatchingRegistrations.cpp:1079
       new kernel: registered at /dev/null:45 (Triggered internally at /opt/pytorch/pytorch/aten/src/ATen/core/dispatch/OperatorEntry.cpp:218.)
  self.m.impl(
BIK: aten/TE kernel patches ENABLEDBIK: aten/TE kernel patches ENABLEDBIK: aten/TE kernel patches ENABLED


BIK: aten/TE kernel patches ENABLED
Multiple distributions found for package modelopt. Picked distribution: nvidia-modelopt
/opt/TensorRT-Model-Optimizer/modelopt/torch/utils/import_utils.py:32: UserWarning: Failed to import diffusers plugin due to: ImportError('peft>=0.17.0 is required for a normal functioning of this module, but found peft==0.13.2.'). You may ignore this warning if you do not need this plugin.
  warnings.warn(
Multiple distributions found for package modelopt. Picked distribution: nvidia-modelopt
Multiple distributions found for package modelopt. Picked distribution: nvidia-modelopt
/opt/TensorRT-Model-Optimizer/modelopt/torch/utils/import_utils.py:32: UserWarning: Failed to import diffusers plugin due to: ImportError('peft>=0.17.0 is required for a normal functioning of this module, but found peft==0.13.2.'). You may ignore this warning if you do not need this plugin.
  warnings.warn(
/opt/TensorRT-Model-Optimizer/modelopt/torch/utils/import_utils.py:32: UserWarning: Failed to import diffusers plugin due to: ImportError('peft>=0.17.0 is required for a normal functioning of this module, but found peft==0.13.2.'). You may ignore this warning if you do not need this plugin.
  warnings.warn(
Multiple distributions found for package modelopt. Picked distribution: nvidia-modelopt
/opt/TensorRT-Model-Optimizer/modelopt/torch/utils/import_utils.py:32: UserWarning: Failed to import diffusers plugin due to: ImportError('peft>=0.17.0 is required for a normal functioning of this module, but found peft==0.13.2.'). You may ignore this warning if you do not need this plugin.
  warnings.warn(
/opt/TensorRT-Model-Optimizer/modelopt/torch/utils/import_utils.py:32: UserWarning: Failed to import peft plugin due to: ImportError("cannot import name 'ParamWrapper' from 'peft.tuners.lora.layer' (/opt/venv/lib/python3.12/site-packages/peft/tuners/lora/layer.py)"). You may ignore this warning if you do not need this plugin.
  warnings.warn(
/opt/TensorRT-Model-Optimizer/modelopt/torch/utils/import_utils.py:32: UserWarning: Failed to import peft plugin due to: ImportError("cannot import name 'ParamWrapper' from 'peft.tuners.lora.layer' (/opt/venv/lib/python3.12/site-packages/peft/tuners/lora/layer.py)"). You may ignore this warning if you do not need this plugin.
  warnings.warn(
/opt/TensorRT-Model-Optimizer/modelopt/torch/utils/import_utils.py:32: UserWarning: Failed to import peft plugin due to: ImportError("cannot import name 'ParamWrapper' from 'peft.tuners.lora.layer' (/opt/venv/lib/python3.12/site-packages/peft/tuners/lora/layer.py)"). You may ignore this warning if you do not need this plugin.
  warnings.warn(
/opt/TensorRT-Model-Optimizer/modelopt/torch/utils/import_utils.py:32: UserWarning: Failed to import peft plugin due to: ImportError("cannot import name 'ParamWrapper' from 'peft.tuners.lora.layer' (/opt/venv/lib/python3.12/site-packages/peft/tuners/lora/layer.py)"). You may ignore this warning if you do not need this plugin.
  warnings.warn(
INFO 05-07 16:32:56 [__init__.py:241] Automatically detected platform cuda.
INFO 05-07 16:32:56 [__init__.py:241] Automatically detected platform cuda.
INFO 05-07 16:32:56 [__init__.py:241] Automatically detected platform cuda.
INFO 05-07 16:32:56 [__init__.py:241] Automatically detected platform cuda.
/opt/TensorRT-Model-Optimizer/modelopt/torch/__init__.py:36: UserWarning: transformers version 4.57.3 is incompatible with nvidia-modelopt and may cause issues. Please install recommended version with `pip install nvidia-modelopt[hf]` if working with HF models.
  _warnings.warn(
/opt/TensorRT-Model-Optimizer/modelopt/torch/__init__.py:36: UserWarning: transformers version 4.57.3 is incompatible with nvidia-modelopt and may cause issues. Please install recommended version with `pip install nvidia-modelopt[hf]` if working with HF models.
  _warnings.warn(
/opt/TensorRT-Model-Optimizer/modelopt/torch/__init__.py:36: UserWarning: transformers version 4.57.3 is incompatible with nvidia-modelopt and may cause issues. Please install recommended version with `pip install nvidia-modelopt[hf]` if working with HF models.
  _warnings.warn(
/opt/TensorRT-Model-Optimizer/modelopt/torch/__init__.py:36: UserWarning: transformers version 4.57.3 is incompatible with nvidia-modelopt and may cause issues. Please install recommended version with `pip install nvidia-modelopt[hf]` if working with HF models.
  _warnings.warn(
`torch_dtype` is deprecated! Use `dtype` instead!
BIK: config.batch_invariant_mode=False, attention_backend=AttnBackend.unfused
TE TP-invariant patch: ACTIVE

======== TP-Invariant E2E: Qwen3-8B (36 layers) ========
GPUs: 4 | TP: 4 | PP: 1 | DP: 1 | GA: 1
GBS: 1 | MBS: 1 | SeqLen: 2048
Iters: 100 | SP: True
Deterministic: True
NVTE_TP_INVARIANT_MODE: 1
BIK: True
=========================================================

`torch_dtype` is deprecated! Use `dtype` instead!
BIK: config.batch_invariant_mode=False, attention_backend=AttnBackend.unfused
TE TP-invariant patch: ACTIVE

======== TP-Invariant E2E: Qwen3-8B (36 layers) ========
GPUs: 4 | TP: 4 | PP: 1 | DP: 1 | GA: 1
GBS: 1 | MBS: 1 | SeqLen: 2048
Iters: 100 | SP: True
Deterministic: True
NVTE_TP_INVARIANT_MODE: 1
BIK: True
=========================================================

`torch_dtype` is deprecated! Use `dtype` instead!
BIK: config.batch_invariant_mode=False, attention_backend=AttnBackend.unfused
TE TP-invariant patch: ACTIVE

======== TP-Invariant E2E: Qwen3-8B (36 layers) ========
GPUs: 4 | TP: 4 | PP: 1 | DP: 1 | GA: 1
GBS: 1 | MBS: 1 | SeqLen: 2048
Iters: 100 | SP: True
Deterministic: True
NVTE_TP_INVARIANT_MODE: 1
BIK: True
=========================================================

`torch_dtype` is deprecated! Use `dtype` instead!
BIK: config.batch_invariant_mode=False, attention_backend=AttnBackend.unfused
TE TP-invariant patch: ACTIVE

======== TP-Invariant E2E: Qwen3-8B (36 layers) ========
GPUs: 4 | TP: 4 | PP: 1 | DP: 1 | GA: 1
GBS: 1 | MBS: 1 | SeqLen: 2048
Iters: 100 | SP: True
Deterministic: True
NVTE_TP_INVARIANT_MODE: 1
BIK: True
=========================================================

/home/scratch.jinzex_sw/jinzex-ai-workspace/engineering/reflection-engineering/third-party/Megatron-LM/examples/tp-numerics/validate_e2e_dense_qwen3_8b.py:138: UserWarning: Function 'pretrain' is experimental. APIs in this module are subject to change without notice.
  pretrain(config=config, forward_step_func=forward_step)
INFO:megatron.core.num_microbatches_calculator:setting number of microbatches to constant 1
> initializing torch distributed ...
[Gloo] Rank 0 is connected to 0 peer ranks. Expected number of connected peer ranks is : 0
[Gloo] Rank 0 is connected to 0 peer ranks. Expected number of connected peer ranks is : 0
[Gloo] Rank 0 is connected to 0 peer ranks. Expected number of connected peer ranks is : 0
[Gloo] Rank 0 is connected to 0 peer ranks. Expected number of connected peer ranks is : 0
[Gloo] Rank 0 is connected to 0 peer ranks. Expected number of connected peer ranks is : 0
[Gloo] Rank 0 is connected to 0 peer ranks. Expected number of connected peer ranks is : 0
[Gloo] Rank 0 is connected to 0 peer ranks. Expected number of connected peer ranks is : 0
[Gloo] Rank 0 is connected to 0 peer ranks. Expected number of connected peer ranks is : 0
[Gloo] Rank 0 is connected to 0 peer ranks. Expected number of connected peer ranks is : 0
[Gloo] Rank 0 is connected to 0 peer ranks. Expected number of connected peer ranks is : 0
[Gloo] Rank 0 is connected to 0 peer ranks. Expected number of connected peer ranks is : 0
[Gloo] Rank 0 is connected to 0 peer ranks. Expected number of connected peer ranks is : 0
> initialized tensor model parallel with size 4
> initialized pipeline model parallel with size 1
> setting random seeds to 1234 ...
time to initialize megatron (seconds): 3.583
/usr/local/lib/python3.12/dist-packages/torch/distributed/distributed_c10d.py:4814: UserWarning: No device id is provided via `init_process_group` or `barrier `. Using the current device set by the user. 
  warnings.warn(  # warn only once
/usr/local/lib/python3.12/dist-packages/torch/distributed/distributed_c10d.py:4814: UserWarning: No device id is provided via `init_process_group` or `barrier `. Using the current device set by the user. 
  warnings.warn(  # warn only once
/usr/local/lib/python3.12/dist-packages/torch/distributed/distributed_c10d.py:4814: UserWarning: No device id is provided via `init_process_group` or `barrier `. Using the current device set by the user. 
  warnings.warn(  # warn only once
/usr/local/lib/python3.12/dist-packages/torch/distributed/distributed_c10d.py:4814: UserWarning: No device id is provided via `init_process_group` or `barrier `. Using the current device set by the user. 
  warnings.warn(  # warn only once
[after megatron is initialized] datetime: 2026-05-07 16:33:04 
> building NullTokenizer tokenizer ...
INFO:root:Using preset vocab_size: 151936 over the tokenizer vocab_size: 32000, dummy tokens: 119936.
INFO:root:Using preset vocab_size: 151936 over the tokenizer vocab_size: 32000, dummy tokens: 119936.
INFO:root:Using preset vocab_size: 151936 over the tokenizer vocab_size: 32000, dummy tokens: 119936.
INFO:root:Using preset vocab_size: 151936 over the tokenizer vocab_size: 32000, dummy tokens: 119936.
[after tokenizer is built] datetime: 2026-05-07 16:33:04 
/home/scratch.jinzex_sw/jinzex-ai-workspace/engineering/reflection-engineering/third-party/Megatron-LM/megatron/core/models/gpt/gpt_layer_specs.py:208: UserWarning: The fp8 argument in "get_gpt_layer_with_transformer_engine_spec" has been deprecated and will be removed soon. Please update your code accordingly.
  warnings.warn(
/home/scratch.jinzex_sw/jinzex-ai-workspace/engineering/reflection-engineering/third-party/Megatron-LM/megatron/core/models/gpt/gpt_layer_specs.py:208: UserWarning: The fp8 argument in "get_gpt_layer_with_transformer_engine_spec" has been deprecated and will be removed soon. Please update your code accordingly.
  warnings.warn(
/home/scratch.jinzex_sw/jinzex-ai-workspace/engineering/reflection-engineering/third-party/Megatron-LM/megatron/core/models/gpt/gpt_layer_specs.py:208: UserWarning: The fp8 argument in "get_gpt_layer_with_transformer_engine_spec" has been deprecated and will be removed soon. Please update your code accordingly.
  warnings.warn(
/home/scratch.jinzex_sw/jinzex-ai-workspace/engineering/reflection-engineering/third-party/Megatron-LM/megatron/core/models/gpt/gpt_layer_specs.py:208: UserWarning: The fp8 argument in "get_gpt_layer_with_transformer_engine_spec" has been deprecated and will be removed soon. Please update your code accordingly.
  warnings.warn(
/opt/venv/lib/python3.12/site-packages/transformer_engine/pytorch/module/base.py:1125: UserWarning: To guarantee overlapping TP and SP collectives with the backwardGEMMs, set environment variable CUDA_DEVICE_MAX_CONNECTIONS = 1
  warnings.warn(
/opt/venv/lib/python3.12/site-packages/transformer_engine/pytorch/module/base.py:1125: UserWarning: To guarantee overlapping TP and SP collectives with the backwardGEMMs, set environment variable CUDA_DEVICE_MAX_CONNECTIONS = 1
  warnings.warn(
/opt/venv/lib/python3.12/site-packages/transformer_engine/pytorch/module/base.py:1125: UserWarning: To guarantee overlapping TP and SP collectives with the backwardGEMMs, set environment variable CUDA_DEVICE_MAX_CONNECTIONS = 1
  warnings.warn(
/opt/venv/lib/python3.12/site-packages/transformer_engine/pytorch/module/base.py:1125: UserWarning: To guarantee overlapping TP and SP collectives with the backwardGEMMs, set environment variable CUDA_DEVICE_MAX_CONNECTIONS = 1
  warnings.warn(
 > number of parameters on (tensor, pipeline) model parallel rank (2, 0): 2047915008
 > number of parameters on (tensor, pipeline) model parallel rank (1, 0): 2047915008
 > number of parameters on (tensor, pipeline) model parallel rank (0, 0): 2047915008
INFO:megatron.core.distributed.distributed_data_parallel:Setting up DistributedDataParallel with config DistributedDataParallelConfig(grad_reduce_in_fp32=True, overlap_grad_reduce=True, overlap_param_gather=True, align_param_gather=False, use_distributed_optimizer=True, num_distributed_optimizer_instances=1, check_for_nan_in_grad=True, check_for_large_grads=False, bucket_size=40000000, pad_buckets_for_high_nccl_busbw=False, reduce_scatter_with_fp32_accumulation=False, average_in_collective=True, fp8_param_gather=False, reuse_grad_buf_for_mxfp8_param_ag=False, use_megatron_fsdp=False, use_custom_fsdp=False, data_parallel_sharding_strategy='no_shard', gradient_reduce_div_fusion=True, suggested_communication_unit_size=None, preserve_fp32_weights=True, keep_fp8_transpose_cache=False, nccl_ub=False, fsdp_double_buffer=False, outer_dp_sharding_strategy='no_shard', disable_symmetric_registration=False, fsdp_manual_registration=False, delay_wgrad_compute=False)
 > number of parameters on (tensor, pipeline) model parallel rank (3, 0): 2047915008
INFO:megatron.core.distributed.param_and_grad_buffer:Number of buckets for gradient all-reduce / reduce-scatter: 38
Params for bucket 1 (155582464 elements, 155582464 padded size):
	module.output_layer.weight
Params for bucket 2 (44048640 elements, 44048640 padded size):
	module.decoder.layers.35.mlp.linear_fc1.layer_norm_weight
	module.decoder.layers.35.mlp.linear_fc1.weight
	module.decoder.layers.35.self_attention.k_layernorm.weight
	module.decoder.layers.35.self_attention.q_layernorm.weight
	module.decoder.final_layernorm.weight
	module.decoder.layers.35.mlp.linear_fc2.weight
	module.decoder.layers.35.self_attention.linear_qkv.weight
Params for bucket 3 (41947136 elements, 41947136 padded size):
	module.decoder.layers.35.self_attention.linear_qkv.layer_norm_weight
	module.decoder.layers.35.self_attention.linear_proj.weight
	module.decoder.layers.34.mlp.linear_fc2.weight
	module.decoder.layers.34.mlp.linear_fc1.weight
Params for bucket 4 (48242944 elements, 48242944 padded size):
	module.decoder.layers.34.mlp.linear_fc1.layer_norm_weight
	module.decoder.layers.34.self_attention.q_layernorm.weight
	module.decoder.layers.34.self_attention.k_layernorm.weight
	module.decoder.layers.34.self_attention.linear_proj.weight
	module.decoder.layers.33.mlp.linear_fc1.weight
	module.decoder.layers.34.self_attention.linear_qkv.layer_norm_weight
	module.decoder.layers.34.self_attention.linear_qkv.weight
	module.decoder.layers.33.mlp.linear_fc2.weight
Params for bucket 5 (48242944 elements, 48242944 padded size):
	module.decoder.layers.33.mlp.linear_fc1.layer_norm_weight
	module.decoder.layers.33.self_attention.q_layernorm.weight
	module.decoder.layers.33.self_attention.k_layernorm.weight
	module.decoder.layers.33.self_attention.linear_proj.weight
	module.decoder.layers.32.mlp.linear_fc1.weight
	module.decoder.layers.33.self_attention.linear_qkv.layer_norm_weight
	module.decoder.layers.33.self_attention.linear_qkv.weight
	module.decoder.layers.32.mlp.linear_fc2.weight
Params for bucket 6 (48242944 elements, 48242944 padded size):
	module.decoder.layers.32.mlp.linear_fc1.layer_norm_weight
	module.decoder.layers.32.self_attention.q_layernorm.weight
	module.decoder.layers.32.self_attention.k_layernorm.weight
	module.decoder.layers.32.self_attention.linear_proj.weight
	module.decoder.layers.31.mlp.linear_fc1.weight
	module.decoder.layers.32.self_attention.linear_qkv.layer_norm_weight
	module.decoder.layers.32.self_attention.linear_qkv.weight
	module.decoder.layers.31.mlp.linear_fc2.weight
Params for bucket 7 (48242944 elements, 48242944 padded size):
	module.decoder.layers.31.mlp.linear_fc1.layer_norm_weight
	module.decoder.layers.31.self_attention.q_layernorm.weight
	module.decoder.layers.31.self_attention.k_layernorm.weight
	module.decoder.layers.31.self_attention.linear_proj.weight
	module.decoder.layers.30.mlp.linear_fc1.weight
	module.decoder.layers.31.self_attention.linear_qkv.layer_norm_weight
	module.decoder.layers.31.self_attention.linear_qkv.weight
	module.decoder.layers.30.mlp.linear_fc2.weight
Params for bucket 8 (48242944 elements, 48242944 padded size):
	module.decoder.layers.30.mlp.linear_fc1.layer_norm_weight
	module.decoder.layers.30.self_attention.linear_qkv.weight
	module.decoder.layers.29.mlp.linear_fc1.weight
	module.decoder.layers.30.self_attention.linear_qkv.layer_norm_weight
	module.decoder.layers.30.self_attention.k_layernorm.weight
	module.decoder.layers.30.self_attention.q_layernorm.weight
	module.decoder.layers.30.self_attention.linear_proj.weight
	module.decoder.layers.29.mlp.linear_fc2.weight
Params for bucket 9 (48242944 elements, 48242944 padded size):
	module.decoder.layers.29.mlp.linear_fc1.layer_norm_weight
	module.decoder.layers.29.self_attention.k_layernorm.weight
	module.decoder.layers.29.self_attention.q_layernorm.weight
	module.decoder.layers.29.self_attention.linear_proj.weight
	module.decoder.layers.28.mlp.linear_fc1.weight
	module.decoder.layers.29.self_attention.linear_qkv.weight
	module.decoder.layers.29.self_attention.linear_qkv.layer_norm_weight
	module.decoder.layers.28.mlp.linear_fc2.weight
Params for bucket 10 (48242944 elements, 48242944 padded size):
	module.decoder.layers.28.mlp.linear_fc1.layer_norm_weight
	module.decoder.layers.28.self_attention.k_layernorm.weight
	module.decoder.layers.28.self_attention.q_layernorm.weight
	module.decoder.layers.28.self_attention.linear_proj.weight
	module.decoder.layers.27.mlp.linear_fc1.weight
	module.decoder.layers.28.self_attention.linear_qkv.layer_norm_weight
	module.decoder.layers.28.self_attention.linear_qkv.weight
	module.decoder.layers.27.mlp.linear_fc2.weight
Params for bucket 11 (48242944 elements, 48242944 padded size):
	module.decoder.layers.27.mlp.linear_fc1.layer_norm_weight
	module.decoder.layers.27.self_attention.k_layernorm.weight
	module.decoder.layers.27.self_attention.q_layernorm.weight
	module.decoder.layers.27.self_attention.linear_proj.weight
	module.decoder.layers.26.mlp.linear_fc1.weight
	module.decoder.layers.27.self_attention.linear_qkv.weight
	module.decoder.layers.27.self_attention.linear_qkv.layer_norm_weight
	module.decoder.layers.26.mlp.linear_fc2.weight
Params for bucket 12 (48242944 elements, 48242944 padded size):
	module.decoder.layers.26.mlp.linear_fc1.layer_norm_weight
	module.decoder.layers.26.self_attention.k_layernorm.weight
	module.decoder.layers.26.self_attention.q_layernorm.weight
	module.decoder.layers.26.self_attention.linear_proj.weight
	module.decoder.layers.25.mlp.linear_fc1.weight
	module.decoder.layers.26.self_attention.linear_qkv.layer_norm_weight
	module.decoder.layers.26.self_attention.linear_qkv.weight
	module.decoder.layers.25.mlp.linear_fc2.weight
Params for bucket 13 (48242944 elements, 48242944 padded size):
	module.decoder.layers.25.mlp.linear_fc1.layer_norm_weight
	module.decoder.layers.25.self_attention.k_layernorm.weight
	module.decoder.layers.25.self_attention.q_layernorm.weight
	module.decoder.layers.25.self_attention.linear_proj.weight
	module.decoder.layers.24.mlp.linear_fc1.weight
	module.decoder.layers.25.self_attention.linear_qkv.layer_norm_weight
	module.decoder.layers.25.self_attention.linear_qkv.weight
	module.decoder.layers.24.mlp.linear_fc2.weight
Params for bucket 14 (48242944 elements, 48242944 padded size):
	module.decoder.layers.24.mlp.linear_fc1.layer_norm_weight
	module.decoder.layers.24.self_attention.k_layernorm.weight
	module.decoder.layers.24.self_attention.q_layernorm.weight
	module.decoder.layers.23.mlp.linear_fc1.weight
	module.decoder.layers.24.self_attention.linear_qkv.layer_norm_weight
	module.decoder.layers.24.self_attention.linear_qkv.weight
	module.decoder.layers.24.self_attention.linear_proj.weight
	module.decoder.layers.23.mlp.linear_fc2.weight
Params for bucket 15 (48242944 elements, 48242944 padded size):
	module.decoder.layers.23.mlp.linear_fc1.layer_norm_weight
	module.decoder.layers.23.self_attention.k_layernorm.weight
	module.decoder.layers.23.self_attention.q_layernorm.weight
	module.decoder.layers.23.self_attention.linear_proj.weight
	module.decoder.layers.22.mlp.linear_fc1.weight
	module.decoder.layers.23.self_attention.linear_qkv.weight
	module.decoder.layers.23.self_attention.linear_qkv.layer_norm_weight
	module.decoder.layers.22.mlp.linear_fc2.weight
Params for bucket 16 (48242944 elements, 48242944 padded size):
	module.decoder.layers.22.mlp.linear_fc1.layer_norm_weight
	module.decoder.layers.22.self_attention.k_layernorm.weight
	module.decoder.layers.22.self_attention.q_layernorm.weight
	module.decoder.layers.22.self_attention.linear_proj.weight
	module.decoder.layers.21.mlp.linear_fc1.weight
	module.decoder.layers.22.self_attention.linear_qkv.weight
	module.decoder.layers.22.self_attention.linear_qkv.layer_norm_weight
	module.decoder.layers.21.mlp.linear_fc2.weight
Params for bucket 17 (48242944 elements, 48242944 padded size):
	module.decoder.layers.21.mlp.linear_fc1.layer_norm_weight
	module.decoder.layers.21.self_attention.k_layernorm.weight
	module.decoder.layers.21.self_attention.q_layernorm.weight
	module.decoder.layers.21.self_attention.linear_proj.weight
	module.decoder.layers.20.mlp.linear_fc1.weight
	module.decoder.layers.21.self_attention.linear_qkv.weight
	module.decoder.layers.21.self_attention.linear_qkv.layer_norm_weight
	module.decoder.layers.20.mlp.linear_fc2.weight
Params for bucket 18 (48242944 elements, 48242944 padded size):
	module.decoder.layers.20.mlp.linear_fc1.layer_norm_weight
	module.decoder.layers.20.self_attention.k_layernorm.weight
	module.decoder.layers.20.self_attention.q_layernorm.weight
	module.decoder.layers.20.self_attention.linear_proj.weight
	module.decoder.layers.19.mlp.linear_fc1.weight
	module.decoder.layers.20.self_attention.linear_qkv.weight
	module.decoder.layers.20.self_attention.linear_qkv.layer_norm_weight
	module.decoder.layers.19.mlp.linear_fc2.weight
Params for bucket 19 (48242944 elements, 48242944 padded size):
	module.decoder.layers.19.mlp.linear_fc1.layer_norm_weight
	module.decoder.layers.19.self_attention.k_layernorm.weight
	module.decoder.layers.19.self_attention.q_layernorm.weight
	module.decoder.layers.19.self_attention.linear_proj.weight
	module.decoder.layers.18.mlp.linear_fc1.weight
	module.decoder.layers.19.self_attention.linear_qkv.weight
	module.decoder.layers.19.self_attention.linear_qkv.layer_norm_weight
	module.decoder.layers.18.mlp.linear_fc2.weight
Params for bucket 20 (48242944 elements, 48242944 padded size):
	module.decoder.layers.18.mlp.linear_fc1.layer_norm_weight
	module.decoder.layers.18.self_attention.k_layernorm.weight
	module.decoder.layers.18.self_attention.q_layernorm.weight
	module.decoder.layers.18.self_attention.linear_proj.weight
	module.decoder.layers.17.mlp.linear_fc2.weight
	module.decoder.layers.18.self_attention.linear_qkv.weight
	module.decoder.layers.18.self_attention.linear_qkv.layer_norm_weight
	module.decoder.layers.17.mlp.linear_fc1.weight
Params for bucket 21 (48242944 elements, 48242944 padded size):
	module.decoder.layers.17.mlp.linear_fc1.layer_norm_weight
	module.decoder.layers.17.self_attention.k_layernorm.weight
	module.decoder.layers.17.self_attention.q_layernorm.weight
	module.decoder.layers.17.self_attention.linear_proj.weight
	module.decoder.layers.16.mlp.linear_fc1.weight
	module.decoder.layers.17.self_attention.linear_qkv.layer_norm_weight
	module.decoder.layers.17.self_attention.linear_qkv.weight
	module.decoder.layers.16.mlp.linear_fc2.weight
Params for bucket 22 (48242944 elements, 48242944 padded size):
	module.decoder.layers.16.mlp.linear_fc1.layer_norm_weight
	module.decoder.layers.16.self_attention.k_layernorm.weight
	module.decoder.layers.16.self_attention.q_layernorm.weight
	module.decoder.layers.16.self_attention.linear_proj.weight
	module.decoder.layers.15.mlp.linear_fc1.weight
	module.decoder.layers.16.self_attention.linear_qkv.layer_norm_weight
	module.decoder.layers.16.self_attention.linear_qkv.weight
	module.decoder.layers.15.mlp.linear_fc2.weight
Params for bucket 23 (48242944 elements, 48242944 padded size):
	module.decoder.layers.15.mlp.linear_fc1.layer_norm_weight
	module.decoder.layers.15.self_attention.q_layernorm.weight
	module.decoder.layers.15.self_attention.linear_proj.weight
	module.decoder.layers.14.mlp.linear_fc2.weight
	module.decoder.layers.15.self_attention.linear_qkv.layer_norm_weight
	module.decoder.layers.15.self_attention.k_layernorm.weight
	module.decoder.layers.15.self_attention.linear_qkv.weight
	module.decoder.layers.14.mlp.linear_fc1.weight
Params for bucket 24 (48242944 elements, 48242944 padded size):
	module.decoder.layers.14.self_attention.linear_qkv.weight
	module.decoder.layers.14.self_attention.linear_qkv.layer_norm_weight
	module.decoder.layers.13.mlp.linear_fc2.weight
	module.decoder.layers.14.mlp.linear_fc1.layer_norm_weight
	module.decoder.layers.14.self_attention.k_layernorm.weight
	module.decoder.layers.14.self_attention.q_layernorm.weight
	module.decoder.layers.14.self_attention.linear_proj.weight
	module.decoder.layers.13.mlp.linear_fc1.weight
Params for bucket 25 (48242944 elements, 48242944 padded size):
	module.decoder.layers.13.self_attention.linear_qkv.weight
	module.decoder.layers.13.self_attention.linear_qkv.layer_norm_weight
	module.decoder.layers.12.mlp.linear_fc2.weight
	module.decoder.layers.13.mlp.linear_fc1.layer_norm_weight
	module.decoder.layers.13.self_attention.k_layernorm.weight
	module.decoder.layers.13.self_attention.q_layernorm.weight
	module.decoder.layers.13.self_attention.linear_proj.weight
	module.decoder.layers.12.mlp.linear_fc1.weight
Params for bucket 26 (48242944 elements, 48242944 padded size):
	module.decoder.layers.12.self_attention.linear_qkv.weight
	module.decoder.layers.12.self_attention.linear_qkv.layer_norm_weight
	module.decoder.layers.11.mlp.linear_fc2.weight
	module.decoder.layers.12.mlp.linear_fc1.layer_norm_weight
	module.decoder.layers.12.self_attention.k_layernorm.weight
	module.decoder.layers.12.self_attention.q_layernorm.weight
	module.decoder.layers.12.self_attention.linear_proj.weight
	module.decoder.layers.11.mlp.linear_fc1.weight
Params for bucket 27 (48242944 elements, 48242944 padded size):
	module.decoder.layers.11.self_attention.q_layernorm.weight
	module.decoder.layers.11.self_attention.linear_qkv.weight
	module.decoder.layers.11.self_attention.linear_qkv.layer_norm_weight
	module.decoder.layers.11.self_attention.linear_proj.weight
	module.decoder.layers.10.mlp.linear_fc2.weight
	module.decoder.layers.11.mlp.linear_fc1.layer_norm_weight
	module.decoder.layers.11.self_attention.k_layernorm.weight
	module.decoder.layers.10.mlp.linear_fc1.weight
Params for bucket 28 (48242944 elements, 48242944 padded size):
	module.decoder.layers.10.self_attention.linear_qkv.layer_norm_weight
	module.decoder.layers.10.self_attention.linear_qkv.weight
	module.decoder.layers.9.mlp.linear_fc2.weight
	module.decoder.layers.10.mlp.linear_fc1.layer_norm_weight
	module.decoder.layers.10.self_attention.k_layernorm.weight
	module.decoder.layers.10.self_attention.q_layernorm.weight
	module.decoder.layers.10.self_attention.linear_proj.weight
	module.decoder.layers.9.mlp.linear_fc1.weight
Params for bucket 29 (48242944 elements, 48242944 padded size):
	module.decoder.layers.9.self_attention.linear_qkv.layer_norm_weight
	module.decoder.layers.9.self_attention.linear_qkv.weight
	module.decoder.layers.8.mlp.linear_fc1.weight
	module.decoder.layers.9.mlp.linear_fc1.layer_norm_weight
	module.decoder.layers.9.self_attention.k_layernorm.weight
	module.decoder.layers.9.self_attention.q_layernorm.weight
	module.decoder.layers.9.self_attention.linear_proj.weight
	module.decoder.layers.8.mlp.linear_fc2.weight
Params for bucket 30 (48242944 elements, 48242944 padded size):
	module.decoder.layers.8.mlp.linear_fc1.layer_norm_weight
	module.decoder.layers.8.self_attention.k_layernorm.weight
	module.decoder.layers.8.self_attention.q_layernorm.weight
	module.decoder.layers.8.self_attention.linear_proj.weight
	module.decoder.layers.7.mlp.linear_fc1.weight
	module.decoder.layers.8.self_attention.linear_qkv.weight
	module.decoder.layers.8.self_attention.linear_qkv.layer_norm_weight
	module.decoder.layers.7.mlp.linear_fc2.weight
Params for bucket 31 (48242944 elements, 48242944 padded size):
	module.decoder.layers.7.mlp.linear_fc1.layer_norm_weight
	module.decoder.layers.7.self_attention.k_layernorm.weight
	module.decoder.layers.7.self_attention.q_layernorm.weight
	module.decoder.layers.7.self_attention.linear_proj.weight
	module.decoder.layers.6.mlp.linear_fc1.weight
	module.decoder.layers.7.self_attention.linear_qkv.weight
	module.decoder.layers.7.self_attention.linear_qkv.layer_norm_weight
	module.decoder.layers.6.mlp.linear_fc2.weight
Params for bucket 32 (48242944 elements, 48242944 padded size):
	module.decoder.layers.6.mlp.linear_fc1.layer_norm_weight
	module.decoder.layers.6.self_attention.k_layernorm.weight
	module.decoder.layers.6.self_attention.q_layernorm.weight
	module.decoder.layers.6.self_attention.linear_proj.weight
	module.decoder.layers.5.mlp.linear_fc1.weight
	module.decoder.layers.6.self_attention.linear_qkv.weight
	module.decoder.layers.6.self_attention.linear_qkv.layer_norm_weight
	module.decoder.layers.5.mlp.linear_fc2.weight
Params for bucket 33 (48242944 elements, 48242944 padded size):
	module.decoder.layers.5.mlp.linear_fc1.layer_norm_weight
	module.decoder.layers.5.self_attention.linear_qkv.weight
	module.decoder.layers.5.self_attention.linear_qkv.layer_norm_weight
	module.decoder.layers.5.self_attention.q_layernorm.weight
	module.decoder.layers.5.self_attention.linear_proj.weight
	module.decoder.layers.4.mlp.linear_fc2.weight
	module.decoder.layers.5.self_attention.k_layernorm.weight
	module.decoder.layers.4.mlp.linear_fc1.weight
Params for bucket 34 (48242944 elements, 48242944 padded size):
	module.decoder.layers.4.mlp.linear_fc1.layer_norm_weight
	module.decoder.layers.4.self_attention.k_layernorm.weight
	module.decoder.layers.4.self_attention.q_layernorm.weight
	module.decoder.layers.4.self_attention.linear_proj.weight
	module.decoder.layers.3.mlp.linear_fc1.weight
	module.decoder.layers.4.self_attention.linear_qkv.weight
	module.decoder.layers.4.self_attention.linear_qkv.layer_norm_weight
	module.decoder.layers.3.mlp.linear_fc2.weight
Params for bucket 35 (48242944 elements, 48242944 padded size):
	module.decoder.layers.3.mlp.linear_fc1.layer_norm_weight
	module.decoder.layers.3.self_attention.k_layernorm.weight
	module.decoder.layers.3.self_attention.q_layernorm.weight
	module.decoder.layers.3.self_attention.linear_proj.weight
	module.decoder.layers.2.mlp.linear_fc1.weight
	module.decoder.layers.3.self_attention.linear_qkv.layer_norm_weight
	module.decoder.layers.3.self_attention.linear_qkv.weight
	module.decoder.layers.2.mlp.linear_fc2.weight
Params for bucket 36 (48242944 elements, 48242944 padded size):
	module.decoder.layers.2.mlp.linear_fc1.layer_norm_weight
	module.decoder.layers.2.self_attention.k_layernorm.weight
	module.decoder.layers.2.self_attention.linear_proj.weight
	module.decoder.layers.1.mlp.linear_fc2.weight
	module.decoder.layers.2.self_attention.linear_qkv.weight
	module.decoder.layers.2.self_attention.q_layernorm.weight
	module.decoder.layers.2.self_attention.linear_qkv.layer_norm_weight
	module.decoder.layers.1.mlp.linear_fc1.weight
Params for bucket 37 (48242944 elements, 48242944 padded size):
	module.decoder.layers.1.self_attention.linear_qkv.weight
	module.decoder.layers.1.self_attention.linear_qkv.layer_norm_weight
	module.decoder.layers.1.self_attention.q_layernorm.weight
	module.decoder.layers.0.mlp.linear_fc2.weight
	module.decoder.layers.1.mlp.linear_fc1.layer_norm_weight
	module.decoder.layers.1.self_attention.k_layernorm.weight
	module.decoder.layers.1.self_attention.linear_proj.weight
	module.decoder.layers.0.mlp.linear_fc1.weight
Params for bucket 38 (166076672 elements, 166076672 padded size):
	module.decoder.layers.0.mlp.linear_fc1.layer_norm_weight
	module.decoder.layers.0.self_attention.linear_proj.weight
	module.embedding.word_embeddings.weight
	module.decoder.layers.0.self_attention.k_layernorm.weight
	module.decoder.layers.0.self_attention.linear_qkv.layer_norm_weight
	module.decoder.layers.0.self_attention.q_layernorm.weight
	module.decoder.layers.0.self_attention.linear_qkv.weight
INFO:megatron.core.optimizer:Setting up optimizer with config OptimizerConfig(lr=0.0003, min_lr=3e-05, decoupled_lr=None, decoupled_min_lr=None, weight_decay=0.1, apply_wd_to_qk_layernorm=False, fp8_recipe='tensorwise', fp16=False, bf16=True, reuse_grad_buf_for_mxfp8_param_ag=False, params_dtype=torch.bfloat16, use_precision_aware_optimizer=False, store_param_remainders=True, main_grads_dtype=torch.float32, main_params_dtype=torch.float32, exp_avg_dtype=torch.float32, exp_avg_sq_dtype=torch.float32, optimizer='adam', loss_scale=None, initial_loss_scale=4294967296, min_loss_scale=1.0, loss_scale_window=1000, hysteresis=2, adam_beta1=0.9, adam_beta2=0.95, adam_eps=1e-05, decoupled_weight_decay=True, sgd_momentum=0.9, muon_momentum=0.95, muon_split_qkv=True, muon_use_nesterov=False, muon_scale_mode='spectral', muon_fp32_matmul_prec='medium', muon_num_ns_steps=5, muon_tp_mode='blockwise', muon_extra_scale_factor=1.0, use_distributed_optimizer=True, overlap_param_gather=False, overlap_param_gather_with_optimizer_step=False, optimizer_cpu_offload=False, optimizer_offload_fraction=0.0, use_torch_optimizer_for_cpu_offload=False, overlap_cpu_optimizer_d2h_h2d=False, pin_cpu_grads=True, pin_cpu_params=True, clip_grad=1.0, log_num_zeros_in_grad=False, barrier_with_L1_time=False, timers=<megatron.core.timers.Timers object at 0x1456288f2cc0>, config_logger_dir='')
INFO:megatron.core.optimizer_param_scheduler:> learning rate decay style: cosine
[after model, optimizer, and learning rate scheduler are built] datetime: 2026-05-07 16:34:04 
> setting tensorboard ...
> building train, validation, and test datasets ...
 > datasets target sizes (minimum size):
    train:      100
    validation: 32
    test:       32
> building train, validation, and test datasets for GPT ...
INFO:megatron.core.datasets.blended_megatron_dataset_builder:Building MockGPTDataset splits with sizes=(100, 32, 32) and config=GPTDatasetConfig(dataloader_type='single', num_workers=8, data_sharding=True, pin_memory=True, persistent_workers=False, trust_remote_code=None, random_seed=1234, sequence_length=2048, blend=None, blend_per_split=None, multiple_validation_sets=None, full_validation=None, split='1,1,1', split_matrix=[(0, 0.3333333333333333), (0.3333333333333333, 0.6666666666666666), (0.6666666666666666, 1.0)], num_dataset_builder_threads=1, path_to_cache=None, mmap_bin_files=True, mock=True, tokenizer=<megatron.core.tokenizers.text.models.default_tokenizer.DefaultTokenizerText object at 0x1455fc1324b0>, mid_level_dataset_surplus=0.005, allow_ambiguous_pad_tokens=False, fast_cache_load=False, defer_npy_index_mmap=False, reset_position_ids=False, reset_attention_mask=False, eod_mask_loss=False, create_attention_mask=True, drop_last_partial_validation_sequence=True, add_extra_token_to_sequence=True, object_storage_cache_path=None, context_parallel_size=None, data_parallel_size=1, sequence_parallel_size=0, hybrid_context_parallel=False, sequences_per_dataset=None, token_dtype_code=None)
INFO:megatron.core.datasets.gpt_dataset:Build and save the MockGPTDataset train indices
INFO:megatron.core.datasets.gpt_dataset:> total number of samples: 33296
INFO:megatron.core.datasets.gpt_dataset:> total number of epochs: 1
INFO:megatron.core.datasets.gpt_dataset:Build and save the MockGPTDataset valid indices
INFO:megatron.core.datasets.gpt_dataset:> total number of samples: 33281
INFO:megatron.core.datasets.gpt_dataset:> total number of epochs: 1
INFO:megatron.core.datasets.gpt_dataset:Build and save the MockGPTDataset test indices
INFO:megatron.core.datasets.gpt_dataset:> total number of samples: 33343
INFO:megatron.core.datasets.gpt_dataset:> total number of epochs: 1
> finished creating GPT datasets ...
[after dataloaders are built] datetime: 2026-05-07 16:34:05 
done with setup ...
------- Task Configuration -------
INFO:megatron.core.timers:(min, max) time across ranks (ms):
    model-and-optimizer-setup ......................: (59812.03, 59812.14)
    train/valid/test-data-iterators-setup ..........: (722.64, 763.83)
_target_: megatron.bridge.training.config.ConfigContainer
checkpoint:
  _target_: megatron.bridge.training.config.CheckpointConfig
  async_save: false
  ckpt_assume_constant_structure: false
  ckpt_convert_format: null
  ckpt_convert_save: null
  ckpt_format: torch_dist
  ckpt_step: null
  dist_ckpt_optim_fully_reshardable: false
  dist_ckpt_strictness: assume_ok_unexpected
  distrib_optim_fully_reshardable_mem_efficient: false
  exit_on_missing_checkpoint: false
  finetune: false
  fully_parallel_load: false
  fully_parallel_save: true
  load: null
  load_main_params_from_ckpt: false
  load_optim: true
  load_rng: true
  most_recent_k: -1
  non_persistent_ckpt_type: null
  non_persistent_global_ckpt_dir: null
  non_persistent_local_ckpt_algo: fully_parallel
  non_persistent_local_ckpt_dir: null
  non_persistent_save_interval: null
  pretrained_checkpoint: null
  replication: false
  replication_factor: 2
  replication_jump: null
  save: null
  save_interval: 101
  save_optim: true
  save_rng: true
  save_tokenizer_assets: true
  strict_fsdp_dtensor_load: false
  use_checkpoint_args: false
  use_persistent_ckpt_worker: true
comm_overlap: null
dataset:
  _target_: megatron.bridge.training.config.GPTDatasetConfig
  add_extra_token_to_sequence: true
  allow_ambiguous_pad_tokens: false
  blend: null
  blend_per_split: null
  context_parallel_size: null
  create_attention_mask: true
  data_parallel_size: 1
  data_sharding: true
  dataloader_type: single
  defer_npy_index_mmap: false
  drop_last_partial_validation_sequence: true
  eod_mask_loss: false
  fast_cache_load: false
  full_validation: null
  hybrid_context_parallel: false
  mid_level_dataset_surplus: 0.005
  mmap_bin_files: true
  mock: true
  multiple_validation_sets: null
  num_dataset_builder_threads: 1
  num_workers: 8
  object_storage_cache_path: null
  path_to_cache: null
  persistent_workers: false
  pin_memory: true
  random_seed: 1234
  reset_attention_mask: false
  reset_position_ids: false
  sequence_length: 2048
  sequence_parallel_size: 0
  sequences_per_dataset: null
  split: 1,1,1
  split_matrix:
  - - 0
    - 0.3333333333333333
  - - 0.3333333333333333
    - 0.6666666666666666
  - - 0.6666666666666666
    - 1.0
  token_dtype_code: null
  tokenizer:
    _call_: true
    _target_: megatron.core.tokenizers.text.models.default_tokenizer.DefaultTokenizerText
  trust_remote_code: null
ddp:
  _target_: megatron.core.distributed.distributed_data_parallel_config.DistributedDataParallelConfig
  align_param_gather: false
  average_in_collective: true
  bucket_size: 40000000
  check_for_large_grads: false
  check_for_nan_in_grad: true
  data_parallel_sharding_strategy: no_shard
  delay_wgrad_compute: false
  disable_symmetric_registration: false
  fp8_param_gather: false
  fsdp_double_buffer: false
  fsdp_manual_registration: false
  grad_reduce_in_fp32: true
  gradient_reduce_div_fusion: true
  keep_fp8_transpose_cache: false
  nccl_ub: false
  num_distributed_optimizer_instances: 1
  outer_dp_sharding_strategy: no_shard
  overlap_grad_reduce: true
  overlap_param_gather: true
  pad_buckets_for_high_nccl_busbw: false
  preserve_fp32_weights: true
  reduce_scatter_with_fp32_accumulation: false
  reuse_grad_buf_for_mxfp8_param_ag: false
  suggested_communication_unit_size: null
  use_custom_fsdp: false
  use_distributed_optimizer: true
  use_megatron_fsdp: false
dist:
  _target_: megatron.bridge.training.config.DistributedInitConfig
  align_grad_reduce: true
  disable_jit_fuser: false
  distributed_backend: nccl
  distributed_timeout_minutes: 10
  distributed_timeout_seconds_after_init: null
  enable_megatron_core_experimental: false
  external_gpu_device_mapping: false
  high_priority_stream_groups: null
  lazy_init: false
  local_rank: 0
  nccl_communicator_config_path: null
  sharp_enabled_group: null
  use_gloo_process_groups: true
  use_megatron_fsdp: false
  use_sharp: false
  use_torch_fsdp2: false
  use_tp_pp_dp_mapping: false
ft: null
inprocess_restart: null
logger:
  _target_: megatron.bridge.training.config.LoggerConfig
  filter_warnings: true
  log_energy: false
  log_interval: 1
  log_l2_norm_grad_to_tensorboard: false
  log_loss_scale_to_tensorboard: true
  log_memory_to_tensorboard: false
  log_params_norm: false
  log_progress: false
  log_runtime_to_tensorboard: false
  log_throughput: false
  log_throughput_to_tensorboard: false
  log_timers_to_tensorboard: true
  log_validation_ppl_to_tensorboard: false
  log_world_size_to_tensorboard: false
  logging_level: 20
  memory_keys: null
  modules_to_filter: null
  runtime_time_unit: hours
  save_config_filepath: null
  set_level_for_all_loggers: false
  tensorboard_dir: /tmp/tp-inv-8b/tensorboard
  tensorboard_log_interval: 1
  tensorboard_queue_size: 1000
  throughput_window_size: 100
  timing_log_level: 0
  timing_log_option: minmax
  wandb_entity: null
  wandb_exp_name: ''
  wandb_project: ''
  wandb_save_dir: null
mixed_precision:
  _target_: megatron.bridge.training.mixed_precision.MixedPrecisionConfig
  autocast_dtype: null
  autocast_enabled: false
  bf16: true
  first_last_layers_bf16: false
  fp16: false
  fp32: false
  fp4: null
  fp4_recipe: nvfp4
  fp8: null
  fp8_amax_compute_algo: most_recent
  fp8_amax_history_len: 1
  fp8_dot_product_attention: false
  fp8_margin: 0
  fp8_multi_head_attention: false
  fp8_param: false
  fp8_param_gather: false
  fp8_recipe: tensorwise
  fp8_wgrad: true
  grad_reduce_in_fp32: true
  hysteresis: 2
  initial_loss_scale: 4294967296
  loss_scale: null
  loss_scale_window: 1000
  min_loss_scale: 1.0
  num_layers_at_end_in_bf16: 0
  num_layers_at_start_in_bf16: 0
  params_dtype:
    _call_: false
    _target_: torch.bfloat16
  pipeline_dtype:
    _call_: false
    _target_: torch.bfloat16
  reuse_grad_buf_for_mxfp8_param_ag: false
model:
  _target_: megatron.bridge.models.qwen.qwen_provider.Qwen3ModelProvider
  account_for_embedding_in_pipeline_split: false
  account_for_loss_in_pipeline_split: false
  activation_func:
    _call_: false
    _target_: torch.nn.functional.silu
  activation_func_clamp_value: null
  activation_func_fp8_input_store: false
  add_bias_linear: false
  add_qkv_bias: false
  apply_query_key_layer_scaling: false
  apply_residual_connection_post_layernorm: false
  apply_rope_fusion: false
  async_tensor_model_parallel_allreduce: false
  attention_backend:
    _args_:
    - 3
    _call_: true
    _target_: megatron.core.transformer.enums.AttnBackend
  attention_dropout: 0.0
  attention_output_gate: false
  attention_softmax_in_fp32: false
  autocast_dtype:
    _call_: false
    _target_: torch.bfloat16
  barrier_with_L1_time: true
  batch_invariant_mode: false
  batch_p2p_comm: true
  batch_p2p_sync: true
  bf16: true
  bias_activation_fusion: false
  bias_dropout_fusion: false
  calculate_per_token_loss: false
  clone_scatter_output_in_embedding: true
  config_logger_dir: ''
  context_parallel_size: 1
  cp_comm_type: null
  cpu_offloading: false
  cpu_offloading_activations: true
  cpu_offloading_double_buffering: false
  cpu_offloading_num_layers: 0
  cpu_offloading_weights: false
  cross_entropy_fusion_impl: te
  cross_entropy_loss_fusion: false
  cuda_graph_impl: none
  cuda_graph_retain_backward_graph: false
  cuda_graph_scope: []
  cuda_graph_use_single_mempool: false
  cuda_graph_warmup_steps: 3
  deallocate_pipeline_outputs: true
  defer_embedding_wgrad_compute: false
  delay_wgrad_compute: false
  deterministic_mode: true
  disable_bf16_reduced_precision_matmul: false
  disable_parameter_transpose_cache: false
  distribute_saved_activations: null
  dsa_indexer_head_dim: null
  dsa_indexer_loss_coeff: null
  dsa_indexer_n_heads: null
  dsa_indexer_topk: null
  dsa_indexer_use_sparse_loss: false
  embedding_init_method:
    _args_: []
    _partial_: true
    _target_: torch.nn.init.normal_
    mean: 0.0
    std: 0.02
  embedding_init_method_std: 0.02
  enable_autocast: false
  enable_cuda_graph: false
  ep_overlap_early_attn_memory_release: false
  experimental_attention_variant: null
  expert_model_parallel_size: 1
  expert_tensor_parallel_size: 4
  external_cuda_graph: false
  ffn_hidden_size: 12288
  finalize_model_grads_func:
    _args_: []
    _partial_: true
    _target_: megatron.core.distributed.finalize_model_grads.finalize_model_grads
    pg_collection:
      _call_: true
      _target_: megatron.core.process_groups_config.ProcessGroupCollection
  fine_grained_activation_offloading: false
  first_last_layers_bf16: false
  flash_decode: false
  fp16: false
  fp16_lm_cross_entropy: false
  fp32_residual_connection: false
  fp4: null
  fp4_param: false
  fp4_quantizer_factory: null
  fp4_recipe: nvfp4
  fp8: null
  fp8_amax_compute_algo: most_recent
  fp8_amax_history_len: 1
  fp8_dot_product_attention: false
  fp8_interval: 1
  fp8_margin: 0
  fp8_multi_head_attention: false
  fp8_param: false
  fp8_quantizer_factory: null
  fp8_recipe: tensorwise
  fp8_wgrad: true
  fused_single_qkv_rope: false
  gated_linear_unit: true
  generation_config:
    _call_: true
    _target_: transformers.generation.configuration_utils.GenerationConfig.from_dict
    config_dict:
      _from_model_config: false
      assistant_confidence_threshold: 0.4
      assistant_early_exit: null
      assistant_lookbehind: 10
      bad_words_ids: null
      begin_suppress_tokens: null
      bos_token_id: 151643
      cache_config: null
      cache_implementation: null
      constraints: null
      decoder_start_token_id: null
      disable_compile: false
      diversity_penalty: 0.0
      do_sample: true
      dola_layers: null
      early_stopping: false
      encoder_no_repeat_ngram_size: 0
      encoder_repetition_penalty: 1.0
      eos_token_id:
      - 151645
      - 151643
      epsilon_cutoff: 0.0
      eta_cutoff: 0.0
      exponential_decay_length_penalty: null
      force_words_ids: null
      forced_bos_token_id: null
      forced_eos_token_id: null
      guidance_scale: null
      is_assistant: false
      length_penalty: 1.0
      low_memory: null
      max_length: 20
      max_matching_ngram_size: null
      max_new_tokens: null
      max_time: null
      min_length: 0
      min_new_tokens: null
      min_p: null
      no_repeat_ngram_size: 0
      num_assistant_tokens: 20
      num_assistant_tokens_schedule: constant
      num_beam_groups: 1
      num_beams: 1
      num_return_sequences: 1
      output_attentions: false
      output_hidden_states: false
      output_logits: null
      output_scores: false
      pad_token_id: 151643
      penalty_alpha: null
      prefill_chunk_size: null
      prompt_lookup_num_tokens: null
      remove_invalid_values: false
      renormalize_logits: false
      repetition_penalty: 1.0
      return_dict_in_generate: false
      return_legacy_cache: null
      sequence_bias: null
      stop_strings: null
      suppress_tokens: null
      target_lookbehind: 10
      temperature: 0.6
      token_healing: false
      top_k: 20
      top_p: 0.95
      transformers_version: 4.57.3
      trust_remote_code: false
      typical_p: 1.0
      use_cache: true
      watermarking_config: null
  glu_linear_offset: 0.0
  grad_scale_func:
    _call_: false
    _target_: megatron.core.optimizer.optimizer.MegatronOptimizer.scale_loss
  grad_sync_func:
    _call_: false
    _target_: megatron.core.distributed.distributed_data_parallel.DistributedDataParallel.start_grad_sync
  gradient_accumulation_fusion: true
  hetereogenous_dist_checkpoint: false
  heterogeneous_block_specs: false
  hf_model_id: Qwen/Qwen3-8B
  hidden_dropout: 0.0
  hidden_size: 4096
  hierarchical_context_parallel_sizes: null
  hybrid_context_parallel: false
  inference_fuse_tp_communication: false
  inference_rng_tracker: false
  inference_sampling_seed: 42
  init_method:
    _args_: []
    _partial_: true
    _target_: torch.nn.init.normal_
    mean: 0.0
    std: 0.02
  init_method_std: 0.02
  init_model_with_meta_device: false
  is_hybrid_model: false
  kitchen_attention_backend: sdpa
  kv_channels: 128
  layernorm_epsilon: 1.0e-06
  layernorm_zero_centered_gamma: false
  linear_attention_freq: null
  linear_conv_kernel_dim: null
  linear_key_head_dim: null
  linear_num_key_heads: null
  linear_num_value_heads: null
  linear_value_head_dim: null
  log_max_attention_logit: false
  make_vocab_size_divisible_by: 128
  mamba_head_dim: 64
  mamba_num_groups: 8
  mamba_num_heads: null
  mamba_state_dim: 128
  masked_softmax_fusion: true
  max_position_embeddings: 40960
  max_seqlen_per_dp_cp_rank: null
  memory_efficient_layer_norm: false
  microbatch_group_size_per_vp_stage: 1
  min_offloaded_tensor_size: 1048576
  mlp_chunks_for_prefill: 1
  moe_apply_probs_on_input: false
  moe_aux_loss_coeff: 0.0
  moe_deepep_num_sms: 20
  moe_enable_deepep: false
  moe_expert_capacity_factor: null
  moe_extended_tp: false
  moe_ffn_hidden_size: null
  moe_flex_dispatcher_backend: deepep
  moe_grouped_gemm: false
  moe_hybridep_num_sms: 16
  moe_input_jitter_eps: null
  moe_latent_size: null
  moe_layer_freq: 1
  moe_layer_recompute: false
  moe_pad_expert_input_to_capacity: false
  moe_per_layer_logging: false
  moe_permute_fusion: false
  moe_router_bias_update_rate: 0.001
  moe_router_dtype: null
  moe_router_enable_expert_bias: false
  moe_router_force_load_balancing: false
  moe_router_fusion: false
  moe_router_group_topk: null
  moe_router_load_balancing_type: aux_loss
  moe_router_num_groups: null
  moe_router_padding_for_fp8: false
  moe_router_padding_for_quantization: false
  moe_router_pre_softmax: false
  moe_router_score_function: softmax
  moe_router_topk: 2
  moe_router_topk_limited_devices: null
  moe_router_topk_scaling_factor: null
  moe_shared_expert_gate: false
  moe_shared_expert_intermediate_size: null
  moe_shared_expert_overlap: false
  moe_token_dispatcher_type: allgather
  moe_token_drop_policy: probs
  moe_token_dropping: false
  moe_use_legacy_grouped_gemm: false
  moe_z_loss_coeff: null
  mrope_section: null
  mtp_enabled: false
  mtp_loss_scaling_factor: null
  mtp_num_layers: null
  mtp_standalone: false
  multi_latent_attention: false
  no_rope_freq: null
  no_sync_func:
    _call_: false
    _target_: megatron.core.distributed.distributed_data_parallel.DistributedDataParallel.no_sync
  normalization: RMSNorm
  num_attention_heads: 32
  num_layers: 36
  num_layers_at_end_in_bf16: 0
  num_layers_at_start_in_bf16: 0
  num_layers_in_first_pipeline_stage: null
  num_layers_in_last_pipeline_stage: null
  num_microbatches_with_partial_activation_checkpoints: null
  num_moe_experts: null
  num_query_groups: 8
  offload_modules: null
  output_layer_init_method:
    _args_: []
    _partial_: true
    _target_: torch.nn.init.normal_
    mean: 0.0
    std: 0.0023570226039551587
  overlap_moe_expert_parallel_comm: false
  overlap_p2p_comm: false
  overlap_p2p_comm_warmup_flush: false
  parallel_output: true
  param_sync_func: null
  params_dtype:
    _call_: false
    _target_: torch.bfloat16
  perform_initialization: true
  persist_layer_norm: false
  pipeline_dtype:
    _call_: false
    _target_: torch.bfloat16
  pipeline_model_parallel_comm_backend: null
  pipeline_model_parallel_layout: null
  pipeline_model_parallel_size: 1
  position_embedding_type: rope
  qk_clip: false
  qk_clip_alpha: 0.5
  qk_clip_threshold: 100
  qk_l2_norm: false
  qk_layernorm: true
  quant_recipe: null
  recompute_granularity: null
  recompute_method: null
  recompute_modules:
  - core_attn
  recompute_num_layers: null
  restore_modelopt_state: false
  rotary_base: 1000000
  rotary_interleaved: false
  rotary_percent: 1.0
  scatter_embedding_sequence_parallel: true
  seq_len_interpolation_factor: null
  seq_length: 2048
  sequence_parallel: true
  share_embeddings_and_output_weights: false
  should_pad_vocab: false
  softmax_scale: null
  softmax_type: vanilla
  symmetric_ar_type: null
  tensor_model_parallel_size: 4
  test_mode: false
  timers:
    _call_: true
    _target_: megatron.core.timers.Timers
  tp_comm_atomic_ag: false
  tp_comm_atomic_rs: false
  tp_comm_bootstrap_backend: nccl
  tp_comm_bulk_dgrad: true
  tp_comm_bulk_wgrad: true
  tp_comm_overlap: false
  tp_comm_overlap_ag: true
  tp_comm_overlap_cfg: null
  tp_comm_overlap_disable_fc1: false
  tp_comm_overlap_disable_qkv: false
  tp_comm_overlap_rs: true
  tp_comm_overlap_rs_dgrad: false
  tp_comm_split_ag: true
  tp_comm_split_rs: true
  tp_only_amax_red: false
  transformer_impl: transformer_engine
  transformer_layer_spec:
    _call_: false
    _target_: megatron.bridge.models.gpt_provider.default_layer_spec
  use_arbitrary_attention_mask: null
  use_cpu_initialization: true
  use_fused_weighted_squared_relu: false
  use_inference_optimized_layers: false
  use_kitchen: false
  use_kitchen_attention: false
  use_mamba_mem_eff_path: true
  use_ring_exchange_p2p: false
  use_te_activation_func: false
  use_te_rng_tracker: false
  use_transformer_engine_full_layer_spec: false
  use_transformer_engine_op_fuser: false
  variable_seq_lengths: false
  virtual_pipeline_model_parallel_size: null
  vocab_size: 151936
  wgrad_deferral_limit: 0
  window_attn_skip_freq: null
  window_size: null
nvrx_straggler: null
optimizer:
  _target_: megatron.bridge.training.config.OptimizerConfig
  adam_beta1: 0.9
  adam_beta2: 0.95
  adam_eps: 1.0e-05
  apply_wd_to_qk_layernorm: false
  barrier_with_L1_time: false
  bf16: true
  clip_grad: 1.0
  config_logger_dir: ''
  decoupled_lr: null
  decoupled_min_lr: null
  decoupled_weight_decay: true
  exp_avg_dtype:
    _call_: false
    _target_: torch.float32
  exp_avg_sq_dtype:
    _call_: false
    _target_: torch.float32
  fp16: false
  fp8_recipe: tensorwise
  hysteresis: 2
  initial_loss_scale: 4294967296
  log_num_zeros_in_grad: false
  loss_scale: null
  loss_scale_window: 1000
  lr: 0.0003
  main_grads_dtype:
    _call_: false
    _target_: torch.float32
  main_params_dtype:
    _call_: false
    _target_: torch.float32
  min_loss_scale: 1.0
  min_lr: 3.0e-05
  muon_extra_scale_factor: 1.0
  muon_fp32_matmul_prec: medium
  muon_momentum: 0.95
  muon_num_ns_steps: 5
  muon_scale_mode: spectral
  muon_split_qkv: true
  muon_tp_mode: blockwise
  muon_use_nesterov: false
  optimizer: adam
  optimizer_cpu_offload: false
  optimizer_offload_fraction: 0.0
  overlap_cpu_optimizer_d2h_h2d: false
  overlap_param_gather: false
  overlap_param_gather_with_optimizer_step: false
  params_dtype:
    _call_: false
    _target_: torch.bfloat16
  pin_cpu_grads: true
  pin_cpu_params: true
  reuse_grad_buf_for_mxfp8_param_ag: false
  sgd_momentum: 0.9
  store_param_remainders: true
  timers:
    _call_: true
    _target_: megatron.core.timers.Timers
  use_distributed_optimizer: true
  use_precision_aware_optimizer: false
  use_torch_optimizer_for_cpu_offload: false
  weight_decay: 0.1
peft: null
profiling:
  _target_: megatron.bridge.training.config.ProfilingConfig
  memory_snapshot_path: snapshot.pickle
  nvtx_ranges: false
  profile_ranks:
  - 0
  profile_step_end: 12
  profile_step_start: 10
  record_memory_history: false
  record_shapes: false
  use_nsys_profiler: false
  use_pytorch_profiler: false
rerun_state_machine:
  _target_: megatron.bridge.training.config.RerunStateMachineConfig
  check_for_nan_in_loss: true
  check_for_spiky_loss: false
  error_injection_rate: 0
  error_injection_type: transient_error
  rerun_mode: disabled
rng:
  _target_: megatron.bridge.training.config.RNGConfig
  data_parallel_random_init: false
  inference_rng_tracker: false
  seed: 1234
  te_rng_tracker: false
scheduler:
  _target_: megatron.bridge.training.config.SchedulerConfig
  end_weight_decay: 0.033
  lr_decay_iters: 100
  lr_decay_samples: null
  lr_decay_steps: 100
  lr_decay_style: cosine
  lr_warmup_fraction: null
  lr_warmup_init: 0.0
  lr_warmup_iters: 0
  lr_warmup_samples: 0
  lr_warmup_steps: 0
  lr_wsd_decay_iters: null
  lr_wsd_decay_samples: null
  lr_wsd_decay_style: exponential
  no_weight_decay_cond_type: null
  override_opt_param_scheduler: true
  start_weight_decay: 0.033
  use_checkpoint_opt_param_scheduler: false
  wd_incr_steps: 100
  weight_decay_incr_style: constant
  wsd_decay_steps: null
straggler: null
tensor_inspect: null
tokenizer:
  _target_: megatron.bridge.training.tokenizers.config.TokenizerConfig
  chat_template: null
  hf_tokenizer_kwargs: {}
  image_tag_type: null
  legacy_tokenizer: false
  merge_file: null
  metadata_path: null
  sp_tokenizer_kwargs: {}
  special_tokens: null
  tiktoken_num_special_tokens: 1000
  tiktoken_pattern: null
  tiktoken_special_tokens: null
  tokenizer_model: null
  tokenizer_prompt_format: null
  tokenizer_type: NullTokenizer
  vocab_extra_ids: 0
  vocab_file: null
  vocab_size: 32000
train:
  _target_: megatron.bridge.training.config.TrainingConfig
  check_weight_hash_across_dp_replicas_interval: null
  decrease_batch_size_if_needed: false
  empty_unused_memory_level: 0
  eval_interval: 101
  eval_iters: 32
  exit_duration_in_mins: null
  exit_interval: null
  exit_signal:
    _args_:
    - 15
    _call_: true
    _target_: signal.Signals
  exit_signal_handler: false
  exit_signal_handler_for_dataloader: false
  global_batch_size: 1
  iterations_to_skip: []
  manual_gc: true
  manual_gc_eval: 100
  manual_gc_interval: 100
  micro_batch_size: 1
  rampup_batch_size: null
  skip_train: false
  train_iters: 100
  train_samples: null
  train_sync_interval: null

----------------------------------
Setting rerun_state_machine.current_iteration to 0...
Starting training loop at iteration 0
/home/scratch.jinzex_sw/jinzex-ai-workspace/engineering/reflection-engineering/third-party/Megatron-LM/megatron/core/tensor_parallel/layers.py:742: UserWarning: When using sequence parallelism it is recommended to set the environment variable CUDA_DEVICE_MAX_CONNECTIONS to 1 for maximum speedup
  warnings.warn(
/home/scratch.jinzex_sw/jinzex-ai-workspace/engineering/reflection-engineering/third-party/Megatron-LM/megatron/core/tensor_parallel/layers.py:742: UserWarning: When using sequence parallelism it is recommended to set the environment variable CUDA_DEVICE_MAX_CONNECTIONS to 1 for maximum speedup
  warnings.warn(
/home/scratch.jinzex_sw/jinzex-ai-workspace/engineering/reflection-engineering/third-party/Megatron-LM/megatron/core/tensor_parallel/layers.py:742: UserWarning: When using sequence parallelism it is recommended to set the environment variable CUDA_DEVICE_MAX_CONNECTIONS to 1 for maximum speedup
  warnings.warn(
/home/scratch.jinzex_sw/jinzex-ai-workspace/engineering/reflection-engineering/third-party/Megatron-LM/megatron/core/tensor_parallel/layers.py:742: UserWarning: When using sequence parallelism it is recommended to set the environment variable CUDA_DEVICE_MAX_CONNECTIONS to 1 for maximum speedup
  warnings.warn(
/usr/local/lib/python3.12/dist-packages/torch/distributed/distributed_c10d.py:4814: UserWarning: No device id is provided via `init_process_group` or `barrier `. Using the current device set by the user. 
  warnings.warn(  # warn only once
/usr/local/lib/python3.12/dist-packages/torch/distributed/distributed_c10d.py:4814: UserWarning: No device id is provided via `init_process_group` or `barrier `. Using the current device set by the user. 
  warnings.warn(  # warn only once
/usr/local/lib/python3.12/dist-packages/torch/distributed/distributed_c10d.py:4814: UserWarning: No device id is provided via `init_process_group` or `barrier `. Using the current device set by the user. 
  warnings.warn(  # warn only once
/usr/local/lib/python3.12/dist-packages/torch/distributed/distributed_c10d.py:4814: UserWarning: No device id is provided via `init_process_group` or `barrier `. Using the current device set by the user. 
  warnings.warn(  # warn only once
Step Time : 9.10s GPU utilization: 2.7MODEL_TFLOP/s/GPU
Number of parameters in transformer layers in billions:  6.95
Number of parameters in embedding layers in billions: 1.24
Total number of parameters in billions: 8.19
Number of parameters in most loaded shard in billions: 2.0478
Theoretical memory footprints: weight and optimizer=35152.07 MB [2026-05-07 16:34:14] iteration        1/     100 | consumed samples:            1 | elapsed time per iteration (ms): 9098.3 | learning rate: 2.999334E-04 | global batch size:     1 | lm loss: 1.275062E+01 | loss scale: 1.0 | grad norm: 90.104 | number of skipped iterations:   0 | number of nan iterations:   0 |

[Rank 2] (after 1 iterations) memory (GB) | mem-allocated-gigabytes: 37.389 | mem-active-gigabytes: 37.389 | mem-inactive-gigabytes: 0.0 | mem-reserved-gigabytes: 37.858 | mem-max-allocated-gigabytes: 37.389 | mem-max-active-gigabytes: 37.389 | mem-max-inactive-gigabytes: 0.0 | mem-max-reserved-gigabytes: 37.858 | mem-alloc-retires: 0 | mem-allocated-count: 892[Rank 1] (after 1 iterations) memory (GB) | mem-allocated-gigabytes: 37.389 | mem-active-gigabytes: 37.389 | mem-inactive-gigabytes: 0.0 | mem-reserved-gigabytes: 37.858 | mem-max-allocated-gigabytes: 37.389 | mem-max-active-gigabytes: 37.389 | mem-max-inactive-gigabytes: 0.0 | mem-max-reserved-gigabytes: 37.858 | mem-alloc-retires: 0 | mem-allocated-count: 892

[Rank 0] (after 1 iterations) memory (GB) | mem-allocated-gigabytes: 37.389 | mem-active-gigabytes: 37.389 | mem-inactive-gigabytes: 0.0 | mem-reserved-gigabytes: 37.858 | mem-max-allocated-gigabytes: 37.389 | mem-max-active-gigabytes: 37.389 | mem-max-inactive-gigabytes: 0.0 | mem-max-reserved-gigabytes: 37.858 | mem-alloc-retires: 0 | mem-allocated-count: 892[Rank 3] (after 1 iterations) memory (GB) | mem-allocated-gigabytes: 37.389 | mem-active-gigabytes: 37.389 | mem-inactive-gigabytes: 0.0 | mem-reserved-gigabytes: 37.858 | mem-max-allocated-gigabytes: 37.389 | mem-max-active-gigabytes: 37.389 | mem-max-inactive-gigabytes: 0.0 | mem-max-reserved-gigabytes: 37.858 | mem-alloc-retires: 0 | mem-allocated-count: 892

Step Time : 5.96s GPU utilization: 4.1MODEL_TFLOP/s/GPU
 [2026-05-07 16:34:20] iteration        2/     100 | consumed samples:            2 | elapsed time per iteration (ms): 5962.9 | learning rate: 2.997336E-04 | global batch size:     1 | lm loss: 1.076303E+01 | loss scale: 1.0 | grad norm: 70.975 | number of skipped iterations:   0 | number of nan iterations:   0 |
Step Time : 5.96s GPU utilization: 4.1MODEL_TFLOP/s/GPU
 [2026-05-07 16:34:26] iteration        3/     100 | consumed samples:            3 | elapsed time per iteration (ms): 5958.3 | learning rate: 2.994009E-04 | global batch size:     1 | lm loss: 1.228765E+01 | loss scale: 1.0 | grad norm: 225.838 | number of skipped iterations:   0 | number of nan iterations:   0 |
Step Time : 5.96s GPU utilization: 4.1MODEL_TFLOP/s/GPU
 [2026-05-07 16:34:32] iteration        4/     100 | consumed samples:            4 | elapsed time per iteration (ms): 5955.3 | learning rate: 2.989355E-04 | global batch size:     1 | lm loss: 1.192037E+01 | loss scale: 1.0 | grad norm: 11.665 | number of skipped iterations:   0 | number of nan iterations:   0 |
Step Time : 5.96s GPU utilization: 4.1MODEL_TFLOP/s/GPU
 [2026-05-07 16:34:38] iteration        5/     100 | consumed samples:            5 | elapsed time per iteration (ms): 5956.6 | learning rate: 2.983379E-04 | global batch size:     1 | lm loss: 1.351273E+01 | loss scale: 1.0 | grad norm: 25.086 | number of skipped iterations:   0 | number of nan iterations:   0 |
Step Time : 5.95s GPU utilization: 4.1MODEL_TFLOP/s/GPU
 [2026-05-07 16:34:44] iteration        6/     100 | consumed samples:            6 | elapsed time per iteration (ms): 5955.0 | learning rate: 2.976088E-04 | global batch size:     1 | lm loss: 1.127357E+01 | loss scale: 1.0 | grad norm: 8.212 | number of skipped iterations:   0 | number of nan iterations:   0 |
Step Time : 5.96s GPU utilization: 4.1MODEL_TFLOP/s/GPU
 [2026-05-07 16:34:50] iteration        7/     100 | consumed samples:            7 | elapsed time per iteration (ms): 5955.6 | learning rate: 2.967488E-04 | global batch size:     1 | lm loss: 1.076746E+01 | loss scale: 1.0 | grad norm: 2.905 | number of skipped iterations:   0 | number of nan iterations:   0 |
Step Time : 5.96s GPU utilization: 4.1MODEL_TFLOP/s/GPU
 [2026-05-07 16:34:56] iteration        8/     100 | consumed samples:            8 | elapsed time per iteration (ms): 5959.7 | learning rate: 2.957587E-04 | global batch size:     1 | lm loss: 9.858614E+00 | loss scale: 1.0 | grad norm: 2.185 | number of skipped iterations:   0 | number of nan iterations:   0 |
Step Time : 5.96s GPU utilization: 4.1MODEL_TFLOP/s/GPU
 [2026-05-07 16:35:02] iteration        9/     100 | consumed samples:            9 | elapsed time per iteration (ms): 5955.8 | learning rate: 2.946396E-04 | global batch size:     1 | lm loss: 9.345812E+00 | loss scale: 1.0 | grad norm: 1.478 | number of skipped iterations:   0 | number of nan iterations:   0 |
Step Time : 5.96s GPU utilization: 4.1MODEL_TFLOP/s/GPU
 [2026-05-07 16:35:08] iteration       10/     100 | consumed samples:           10 | elapsed time per iteration (ms): 5961.9 | learning rate: 2.933926E-04 | global batch size:     1 | lm loss: 9.831060E+00 | loss scale: 1.0 | grad norm: 10.522 | number of skipped iterations:   0 | number of nan iterations:   0 |
Step Time : 5.96s GPU utilization: 4.1MODEL_TFLOP/s/GPU
 [2026-05-07 16:35:14] iteration       11/     100 | consumed samples:           11 | elapsed time per iteration (ms): 5955.9 | learning rate: 2.920189E-04 | global batch size:     1 | lm loss: 1.189849E+01 | loss scale: 1.0 | grad norm: 35.624 | number of skipped iterations:   0 | number of nan iterations:   0 |
Step Time : 5.96s GPU utilization: 4.1MODEL_TFLOP/s/GPU
 [2026-05-07 16:35:20] iteration       12/     100 | consumed samples:           12 | elapsed time per iteration (ms): 5956.6 | learning rate: 2.905198E-04 | global batch size:     1 | lm loss: 1.153763E+01 | loss scale: 1.0 | grad norm: 13.241 | number of skipped iterations:   0 | number of nan iterations:   0 |
Step Time : 5.96s GPU utilization: 4.1MODEL_TFLOP/s/GPU
 [2026-05-07 16:35:26] iteration       13/     100 | consumed samples:           13 | elapsed time per iteration (ms): 5960.5 | learning rate: 2.888969E-04 | global batch size:     1 | lm loss: 1.063589E+01 | loss scale: 1.0 | grad norm: 6.533 | number of skipped iterations:   0 | number of nan iterations:   0 |
Step Time : 5.96s GPU utilization: 4.1MODEL_TFLOP/s/GPU
 [2026-05-07 16:35:32] iteration       14/     100 | consumed samples:           14 | elapsed time per iteration (ms): 5958.1 | learning rate: 2.871517E-04 | global batch size:     1 | lm loss: 9.739568E+00 | loss scale: 1.0 | grad norm: 4.874 | number of skipped iterations:   0 | number of nan iterations:   0 |
Step Time : 5.96s GPU utilization: 4.1MODEL_TFLOP/s/GPU
 [2026-05-07 16:35:38] iteration       15/     100 | consumed samples:           15 | elapsed time per iteration (ms): 5956.4 | learning rate: 2.852859E-04 | global batch size:     1 | lm loss: 9.168707E+00 | loss scale: 1.0 | grad norm: 2.928 | number of skipped iterations:   0 | number of nan iterations:   0 |
Step Time : 5.96s GPU utilization: 4.1MODEL_TFLOP/s/GPU
 [2026-05-07 16:35:44] iteration       16/     100 | consumed samples:           16 | elapsed time per iteration (ms): 5959.9 | learning rate: 2.833014E-04 | global batch size:     1 | lm loss: 9.338259E+00 | loss scale: 1.0 | grad norm: 3.856 | number of skipped iterations:   0 | number of nan iterations:   0 |
Step Time : 5.96s GPU utilization: 4.1MODEL_TFLOP/s/GPU
 [2026-05-07 16:35:49] iteration       17/     100 | consumed samples:           17 | elapsed time per iteration (ms): 5955.2 | learning rate: 2.812002E-04 | global batch size:     1 | lm loss: 1.021343E+01 | loss scale: 1.0 | grad norm: 13.621 | number of skipped iterations:   0 | number of nan iterations:   0 |
Step Time : 5.96s GPU utilization: 4.1MODEL_TFLOP/s/GPU
 [2026-05-07 16:35:55] iteration       18/     100 | consumed samples:           18 | elapsed time per iteration (ms): 5958.2 | learning rate: 2.789843E-04 | global batch size:     1 | lm loss: 9.398540E+00 | loss scale: 1.0 | grad norm: 3.714 | number of skipped iterations:   0 | number of nan iterations:   0 |
Step Time : 5.94s GPU utilization: 4.1MODEL_TFLOP/s/GPU
 [2026-05-07 16:36:01] iteration       19/     100 | consumed samples:           19 | elapsed time per iteration (ms): 5944.8 | learning rate: 2.766559E-04 | global batch size:     1 | lm loss: 7.880976E+00 | loss scale: 1.0 | grad norm: 1.250 | number of skipped iterations:   0 | number of nan iterations:   0 |
Step Time : 5.95s GPU utilization: 4.1MODEL_TFLOP/s/GPU
 [2026-05-07 16:36:07] iteration       20/     100 | consumed samples:           20 | elapsed time per iteration (ms): 5946.1 | learning rate: 2.742173E-04 | global batch size:     1 | lm loss: 7.850184E+00 | loss scale: 1.0 | grad norm: 0.961 | number of skipped iterations:   0 | number of nan iterations:   0 |
Step Time : 5.96s GPU utilization: 4.1MODEL_TFLOP/s/GPU
 [2026-05-07 16:36:13] iteration       21/     100 | consumed samples:           21 | elapsed time per iteration (ms): 5957.0 | learning rate: 2.716709E-04 | global batch size:     1 | lm loss: 7.925577E+00 | loss scale: 1.0 | grad norm: 1.467 | number of skipped iterations:   0 | number of nan iterations:   0 |
Step Time : 5.96s GPU utilization: 4.1MODEL_TFLOP/s/GPU
 [2026-05-07 16:36:19] iteration       22/     100 | consumed samples:           22 | elapsed time per iteration (ms): 5956.3 | learning rate: 2.690193E-04 | global batch size:     1 | lm loss: 7.854677E+00 | loss scale: 1.0 | grad norm: 1.488 | number of skipped iterations:   0 | number of nan iterations:   0 |
Step Time : 5.95s GPU utilization: 4.1MODEL_TFLOP/s/GPU
 [2026-05-07 16:36:25] iteration       23/     100 | consumed samples:           23 | elapsed time per iteration (ms): 5954.1 | learning rate: 2.662650E-04 | global batch size:     1 | lm loss: 8.117252E+00 | loss scale: 1.0 | grad norm: 1.635 | number of skipped iterations:   0 | number of nan iterations:   0 |
Step Time : 5.96s GPU utilization: 4.1MODEL_TFLOP/s/GPU
 [2026-05-07 16:36:31] iteration       24/     100 | consumed samples:           24 | elapsed time per iteration (ms): 5955.0 | learning rate: 2.634108E-04 | global batch size:     1 | lm loss: 1.031784E+01 | loss scale: 1.0 | grad norm: 2.926 | number of skipped iterations:   0 | number of nan iterations:   0 |
Step Time : 5.95s GPU utilization: 4.1MODEL_TFLOP/s/GPU
 [2026-05-07 16:36:37] iteration       25/     100 | consumed samples:           25 | elapsed time per iteration (ms): 5953.4 | learning rate: 2.604594E-04 | global batch size:     1 | lm loss: 9.525480E+00 | loss scale: 1.0 | grad norm: 1.969 | number of skipped iterations:   0 | number of nan iterations:   0 |
Step Time : 5.96s GPU utilization: 4.1MODEL_TFLOP/s/GPU
 [2026-05-07 16:36:43] iteration       26/     100 | consumed samples:           26 | elapsed time per iteration (ms): 5957.3 | learning rate: 2.574139E-04 | global batch size:     1 | lm loss: 1.032393E+01 | loss scale: 1.0 | grad norm: 1.948 | number of skipped iterations:   0 | number of nan iterations:   0 |
Step Time : 5.96s GPU utilization: 4.1MODEL_TFLOP/s/GPU
 [2026-05-07 16:36:49] iteration       27/     100 | consumed samples:           27 | elapsed time per iteration (ms): 5955.4 | learning rate: 2.542771E-04 | global batch size:     1 | lm loss: 1.058591E+01 | loss scale: 1.0 | grad norm: 1.874 | number of skipped iterations:   0 | number of nan iterations:   0 |
Step Time : 5.96s GPU utilization: 4.1MODEL_TFLOP/s/GPU
 [2026-05-07 16:36:55] iteration       28/     100 | consumed samples:           28 | elapsed time per iteration (ms): 5959.5 | learning rate: 2.510522E-04 | global batch size:     1 | lm loss: 1.104824E+01 | loss scale: 1.0 | grad norm: 1.435 | number of skipped iterations:   0 | number of nan iterations:   0 |
Step Time : 5.95s GPU utilization: 4.1MODEL_TFLOP/s/GPU
 [2026-05-07 16:37:01] iteration       29/     100 | consumed samples:           29 | elapsed time per iteration (ms): 5952.9 | learning rate: 2.477425E-04 | global batch size:     1 | lm loss: 8.516782E+00 | loss scale: 1.0 | grad norm: 2.108 | number of skipped iterations:   0 | number of nan iterations:   0 |
Step Time : 5.96s GPU utilization: 4.1MODEL_TFLOP/s/GPU
 [2026-05-07 16:37:07] iteration       30/     100 | consumed samples:           30 | elapsed time per iteration (ms): 5955.2 | learning rate: 2.443510E-04 | global batch size:     1 | lm loss: 8.557989E+00 | loss scale: 1.0 | grad norm: 1.566 | number of skipped iterations:   0 | number of nan iterations:   0 |
Step Time : 5.95s GPU utilization: 4.1MODEL_TFLOP/s/GPU
 [2026-05-07 16:37:13] iteration       31/     100 | consumed samples:           31 | elapsed time per iteration (ms): 5948.3 | learning rate: 2.408813E-04 | global batch size:     1 | lm loss: 8.406125E+00 | loss scale: 1.0 | grad norm: 1.339 | number of skipped iterations:   0 | number of nan iterations:   0 |
Step Time : 5.95s GPU utilization: 4.1MODEL_TFLOP/s/GPU
 [2026-05-07 16:37:19] iteration       32/     100 | consumed samples:           32 | elapsed time per iteration (ms): 5947.6 | learning rate: 2.373366E-04 | global batch size:     1 | lm loss: 8.155209E+00 | loss scale: 1.0 | grad norm: 1.091 | number of skipped iterations:   0 | number of nan iterations:   0 |
Step Time : 5.95s GPU utilization: 4.1MODEL_TFLOP/s/GPU
 [2026-05-07 16:37:25] iteration       33/     100 | consumed samples:           33 | elapsed time per iteration (ms): 5945.8 | learning rate: 2.337206E-04 | global batch size:     1 | lm loss: 8.074437E+00 | loss scale: 1.0 | grad norm: 1.059 | number of skipped iterations:   0 | number of nan iterations:   0 |
Step Time : 5.96s GPU utilization: 4.1MODEL_TFLOP/s/GPU
 [2026-05-07 16:37:31] iteration       34/     100 | consumed samples:           34 | elapsed time per iteration (ms): 5958.5 | learning rate: 2.300367E-04 | global batch size:     1 | lm loss: 8.199167E+00 | loss scale: 1.0 | grad norm: 1.539 | number of skipped iterations:   0 | number of nan iterations:   0 |
Step Time : 5.96s GPU utilization: 4.1MODEL_TFLOP/s/GPU
 [2026-05-07 16:37:37] iteration       35/     100 | consumed samples:           35 | elapsed time per iteration (ms): 5957.0 | learning rate: 2.262887E-04 | global batch size:     1 | lm loss: 8.238939E+00 | loss scale: 1.0 | grad norm: 1.540 | number of skipped iterations:   0 | number of nan iterations:   0 |
Step Time : 5.95s GPU utilization: 4.1MODEL_TFLOP/s/GPU
 [2026-05-07 16:37:43] iteration       36/     100 | consumed samples:           36 | elapsed time per iteration (ms): 5947.6 | learning rate: 2.224802E-04 | global batch size:     1 | lm loss: 7.949772E+00 | loss scale: 1.0 | grad norm: 0.855 | number of skipped iterations:   0 | number of nan iterations:   0 |
Step Time : 5.95s GPU utilization: 4.1MODEL_TFLOP/s/GPU
 [2026-05-07 16:37:49] iteration       37/     100 | consumed samples:           37 | elapsed time per iteration (ms): 5945.8 | learning rate: 2.186150E-04 | global batch size:     1 | lm loss: 8.343159E+00 | loss scale: 1.0 | grad norm: 1.354 | number of skipped iterations:   0 | number of nan iterations:   0 |
Step Time : 5.95s GPU utilization: 4.1MODEL_TFLOP/s/GPU
 [2026-05-07 16:37:55] iteration       38/     100 | consumed samples:           38 | elapsed time per iteration (ms): 5952.7 | learning rate: 2.146968E-04 | global batch size:     1 | lm loss: 8.947824E+00 | loss scale: 1.0 | grad norm: 1.868 | number of skipped iterations:   0 | number of nan iterations:   0 |
Step Time : 5.95s GPU utilization: 4.1MODEL_TFLOP/s/GPU
 [2026-05-07 16:38:00] iteration       39/     100 | consumed samples:           39 | elapsed time per iteration (ms): 5953.8 | learning rate: 2.107296E-04 | global batch size:     1 | lm loss: 8.272396E+00 | loss scale: 1.0 | grad norm: 4.135 | number of skipped iterations:   0 | number of nan iterations:   0 |
Step Time : 5.96s GPU utilization: 4.1MODEL_TFLOP/s/GPU
 [2026-05-07 16:38:06] iteration       40/     100 | consumed samples:           40 | elapsed time per iteration (ms): 5955.5 | learning rate: 2.067173E-04 | global batch size:     1 | lm loss: 8.949704E+00 | loss scale: 1.0 | grad norm: 1.854 | number of skipped iterations:   0 | number of nan iterations:   0 |
Step Time : 5.95s GPU utilization: 4.1MODEL_TFLOP/s/GPU
 [2026-05-07 16:38:12] iteration       41/     100 | consumed samples:           41 | elapsed time per iteration (ms): 5953.2 | learning rate: 2.026638E-04 | global batch size:     1 | lm loss: 7.638999E+00 | loss scale: 1.0 | grad norm: 0.913 | number of skipped iterations:   0 | number of nan iterations:   0 |
Step Time : 5.95s GPU utilization: 4.1MODEL_TFLOP/s/GPU
 [2026-05-07 16:38:18] iteration       42/     100 | consumed samples:           42 | elapsed time per iteration (ms): 5948.9 | learning rate: 1.985731E-04 | global batch size:     1 | lm loss: 7.839475E+00 | loss scale: 1.0 | grad norm: 1.245 | number of skipped iterations:   0 | number of nan iterations:   0 |
Step Time : 5.95s GPU utilization: 4.1MODEL_TFLOP/s/GPU
 [2026-05-07 16:38:24] iteration       43/     100 | consumed samples:           43 | elapsed time per iteration (ms): 5947.2 | learning rate: 1.944493E-04 | global batch size:     1 | lm loss: 7.935501E+00 | loss scale: 1.0 | grad norm: 1.325 | number of skipped iterations:   0 | number of nan iterations:   0 |
Step Time : 5.95s GPU utilization: 4.1MODEL_TFLOP/s/GPU
 [2026-05-07 16:38:30] iteration       44/     100 | consumed samples:           44 | elapsed time per iteration (ms): 5947.0 | learning rate: 1.902965E-04 | global batch size:     1 | lm loss: 7.792190E+00 | loss scale: 1.0 | grad norm: 1.296 | number of skipped iterations:   0 | number of nan iterations:   0 |
Step Time : 5.96s GPU utilization: 4.1MODEL_TFLOP/s/GPU
 [2026-05-07 16:38:36] iteration       45/     100 | consumed samples:           45 | elapsed time per iteration (ms): 5956.3 | learning rate: 1.861186E-04 | global batch size:     1 | lm loss: 7.866391E+00 | loss scale: 1.0 | grad norm: 1.463 | number of skipped iterations:   0 | number of nan iterations:   0 |
Step Time : 5.96s GPU utilization: 4.1MODEL_TFLOP/s/GPU
 [2026-05-07 16:38:42] iteration       46/     100 | consumed samples:           46 | elapsed time per iteration (ms): 5958.9 | learning rate: 1.819200E-04 | global batch size:     1 | lm loss: 1.044153E+01 | loss scale: 1.0 | grad norm: 2.604 | number of skipped iterations:   0 | number of nan iterations:   0 |
Step Time : 5.96s GPU utilization: 4.1MODEL_TFLOP/s/GPU
 [2026-05-07 16:38:48] iteration       47/     100 | consumed samples:           47 | elapsed time per iteration (ms): 5956.5 | learning rate: 1.777046E-04 | global batch size:     1 | lm loss: 7.770132E+00 | loss scale: 1.0 | grad norm: 1.898 | number of skipped iterations:   0 | number of nan iterations:   0 |
Step Time : 5.95s GPU utilization: 4.1MODEL_TFLOP/s/GPU
 [2026-05-07 16:38:54] iteration       48/     100 | consumed samples:           48 | elapsed time per iteration (ms): 5949.2 | learning rate: 1.734767E-04 | global batch size:     1 | lm loss: 7.223391E+00 | loss scale: 1.0 | grad norm: 0.975 | number of skipped iterations:   0 | number of nan iterations:   0 |
Step Time : 5.94s GPU utilization: 4.1MODEL_TFLOP/s/GPU
 [2026-05-07 16:39:00] iteration       49/     100 | consumed samples:           49 | elapsed time per iteration (ms): 5944.8 | learning rate: 1.692404E-04 | global batch size:     1 | lm loss: 7.463032E+00 | loss scale: 1.0 | grad norm: 1.121 | number of skipped iterations:   0 | number of nan iterations:   0 |
Step Time : 5.96s GPU utilization: 4.1MODEL_TFLOP/s/GPU
 [2026-05-07 16:39:06] iteration       50/     100 | consumed samples:           50 | elapsed time per iteration (ms): 5960.6 | learning rate: 1.650000E-04 | global batch size:     1 | lm loss: 8.216357E+00 | loss scale: 1.0 | grad norm: 1.816 | number of skipped iterations:   0 | number of nan iterations:   0 |
Step Time : 5.96s GPU utilization: 4.1MODEL_TFLOP/s/GPU
 [2026-05-07 16:39:12] iteration       51/     100 | consumed samples:           51 | elapsed time per iteration (ms): 5955.8 | learning rate: 1.607595E-04 | global batch size:     1 | lm loss: 7.609594E+00 | loss scale: 1.0 | grad norm: 1.543 | number of skipped iterations:   0 | number of nan iterations:   0 |
Step Time : 5.96s GPU utilization: 4.1MODEL_TFLOP/s/GPU
 [2026-05-07 16:39:18] iteration       52/     100 | consumed samples:           52 | elapsed time per iteration (ms): 5956.6 | learning rate: 1.565233E-04 | global batch size:     1 | lm loss: 9.105234E+00 | loss scale: 1.0 | grad norm: 4.131 | number of skipped iterations:   0 | number of nan iterations:   0 |
Step Time : 5.95s GPU utilization: 4.1MODEL_TFLOP/s/GPU
 [2026-05-07 16:39:24] iteration       53/     100 | consumed samples:           53 | elapsed time per iteration (ms): 5947.7 | learning rate: 1.522954E-04 | global batch size:     1 | lm loss: 7.285586E+00 | loss scale: 1.0 | grad norm: 0.966 | number of skipped iterations:   0 | number of nan iterations:   0 |
Step Time : 5.95s GPU utilization: 4.1MODEL_TFLOP/s/GPU
 [2026-05-07 16:39:30] iteration       54/     100 | consumed samples:           54 | elapsed time per iteration (ms): 5953.9 | learning rate: 1.480800E-04 | global batch size:     1 | lm loss: 8.768692E+00 | loss scale: 1.0 | grad norm: 2.396 | number of skipped iterations:   0 | number of nan iterations:   0 |
Step Time : 5.96s GPU utilization: 4.1MODEL_TFLOP/s/GPU
 [2026-05-07 16:39:36] iteration       55/     100 | consumed samples:           55 | elapsed time per iteration (ms): 5962.5 | learning rate: 1.438813E-04 | global batch size:     1 | lm loss: 8.456207E+00 | loss scale: 1.0 | grad norm: 1.742 | number of skipped iterations:   0 | number of nan iterations:   0 |
Step Time : 5.95s GPU utilization: 4.1MODEL_TFLOP/s/GPU
 [2026-05-07 16:39:42] iteration       56/     100 | consumed samples:           56 | elapsed time per iteration (ms): 5953.7 | learning rate: 1.397035E-04 | global batch size:     1 | lm loss: 8.487258E+00 | loss scale: 1.0 | grad norm: 1.778 | number of skipped iterations:   0 | number of nan iterations:   0 |
Step Time : 5.94s GPU utilization: 4.1MODEL_TFLOP/s/GPU
 [2026-05-07 16:39:48] iteration       57/     100 | consumed samples:           57 | elapsed time per iteration (ms): 5943.8 | learning rate: 1.355507E-04 | global batch size:     1 | lm loss: 8.174706E+00 | loss scale: 1.0 | grad norm: 1.349 | number of skipped iterations:   0 | number of nan iterations:   0 |
Step Time : 5.97s GPU utilization: 4.1MODEL_TFLOP/s/GPU
 [2026-05-07 16:39:54] iteration       58/     100 | consumed samples:           58 | elapsed time per iteration (ms): 5965.3 | learning rate: 1.314269E-04 | global batch size:     1 | lm loss: 8.567528E+00 | loss scale: 1.0 | grad norm: 1.523 | number of skipped iterations:   0 | number of nan iterations:   0 |
Step Time : 5.95s GPU utilization: 4.1MODEL_TFLOP/s/GPU
 [2026-05-07 16:40:00] iteration       59/     100 | consumed samples:           59 | elapsed time per iteration (ms): 5948.9 | learning rate: 1.273362E-04 | global batch size:     1 | lm loss: 8.095016E+00 | loss scale: 1.0 | grad norm: 0.972 | number of skipped iterations:   0 | number of nan iterations:   0 |
Step Time : 5.96s GPU utilization: 4.1MODEL_TFLOP/s/GPU
 [2026-05-07 16:40:05] iteration       60/     100 | consumed samples:           60 | elapsed time per iteration (ms): 5958.9 | learning rate: 1.232827E-04 | global batch size:     1 | lm loss: 7.796583E+00 | loss scale: 1.0 | grad norm: 1.614 | number of skipped iterations:   0 | number of nan iterations:   0 |
Step Time : 5.94s GPU utilization: 4.1MODEL_TFLOP/s/GPU
 [2026-05-07 16:40:11] iteration       61/     100 | consumed samples:           61 | elapsed time per iteration (ms): 5943.3 | learning rate: 1.192704E-04 | global batch size:     1 | lm loss: 8.377007E+00 | loss scale: 1.0 | grad norm: 1.261 | number of skipped iterations:   0 | number of nan iterations:   0 |
Step Time : 5.96s GPU utilization: 4.1MODEL_TFLOP/s/GPU
 [2026-05-07 16:40:17] iteration       62/     100 | consumed samples:           62 | elapsed time per iteration (ms): 5958.5 | learning rate: 1.153032E-04 | global batch size:     1 | lm loss: 8.032861E+00 | loss scale: 1.0 | grad norm: 4.354 | number of skipped iterations:   0 | number of nan iterations:   0 |
Step Time : 5.95s GPU utilization: 4.1MODEL_TFLOP/s/GPU
 [2026-05-07 16:40:23] iteration       63/     100 | consumed samples:           63 | elapsed time per iteration (ms): 5950.2 | learning rate: 1.113850E-04 | global batch size:     1 | lm loss: 7.567483E+00 | loss scale: 1.0 | grad norm: 1.345 | number of skipped iterations:   0 | number of nan iterations:   0 |
Step Time : 5.95s GPU utilization: 4.1MODEL_TFLOP/s/GPU
 [2026-05-07 16:40:29] iteration       64/     100 | consumed samples:           64 | elapsed time per iteration (ms): 5952.7 | learning rate: 1.075198E-04 | global batch size:     1 | lm loss: 8.220749E+00 | loss scale: 1.0 | grad norm: 1.726 | number of skipped iterations:   0 | number of nan iterations:   0 |
Step Time : 5.95s GPU utilization: 4.1MODEL_TFLOP/s/GPU
 [2026-05-07 16:40:35] iteration       65/     100 | consumed samples:           65 | elapsed time per iteration (ms): 5947.4 | learning rate: 1.037113E-04 | global batch size:     1 | lm loss: 7.318669E+00 | loss scale: 1.0 | grad norm: 0.990 | number of skipped iterations:   0 | number of nan iterations:   0 |
Step Time : 5.95s GPU utilization: 4.1MODEL_TFLOP/s/GPU
 [2026-05-07 16:40:41] iteration       66/     100 | consumed samples:           66 | elapsed time per iteration (ms): 5946.2 | learning rate: 9.996325E-05 | global batch size:     1 | lm loss: 8.344515E+00 | loss scale: 1.0 | grad norm: 1.253 | number of skipped iterations:   0 | number of nan iterations:   0 |
Step Time : 5.96s GPU utilization: 4.1MODEL_TFLOP/s/GPU
 [2026-05-07 16:40:47] iteration       67/     100 | consumed samples:           67 | elapsed time per iteration (ms): 5955.4 | learning rate: 9.627941E-05 | global batch size:     1 | lm loss: 9.165625E+00 | loss scale: 1.0 | grad norm: 1.913 | number of skipped iterations:   0 | number of nan iterations:   0 |
Step Time : 5.96s GPU utilization: 4.1MODEL_TFLOP/s/GPU
 [2026-05-07 16:40:53] iteration       68/     100 | consumed samples:           68 | elapsed time per iteration (ms): 5956.7 | learning rate: 9.266338E-05 | global batch size:     1 | lm loss: 7.961597E+00 | loss scale: 1.0 | grad norm: 1.882 | number of skipped iterations:   0 | number of nan iterations:   0 |
Step Time : 5.95s GPU utilization: 4.1MODEL_TFLOP/s/GPU
 [2026-05-07 16:40:59] iteration       69/     100 | consumed samples:           69 | elapsed time per iteration (ms): 5947.0 | learning rate: 8.911874E-05 | global batch size:     1 | lm loss: 7.518744E+00 | loss scale: 1.0 | grad norm: 1.372 | number of skipped iterations:   0 | number of nan iterations:   0 |
Step Time : 5.95s GPU utilization: 4.1MODEL_TFLOP/s/GPU
 [2026-05-07 16:41:05] iteration       70/     100 | consumed samples:           70 | elapsed time per iteration (ms): 5950.9 | learning rate: 8.564899E-05 | global batch size:     1 | lm loss: 7.184307E+00 | loss scale: 1.0 | grad norm: 0.885 | number of skipped iterations:   0 | number of nan iterations:   0 |
Step Time : 5.94s GPU utilization: 4.1MODEL_TFLOP/s/GPU
 [2026-05-07 16:41:11] iteration       71/     100 | consumed samples:           71 | elapsed time per iteration (ms): 5942.9 | learning rate: 8.225755E-05 | global batch size:     1 | lm loss: 7.190065E+00 | loss scale: 1.0 | grad norm: 0.736 | number of skipped iterations:   0 | number of nan iterations:   0 |
Step Time : 5.95s GPU utilization: 4.1MODEL_TFLOP/s/GPU
 [2026-05-07 16:41:17] iteration       72/     100 | consumed samples:           72 | elapsed time per iteration (ms): 5946.9 | learning rate: 7.894776E-05 | global batch size:     1 | lm loss: 7.131136E+00 | loss scale: 1.0 | grad norm: 1.098 | number of skipped iterations:   0 | number of nan iterations:   0 |
Step Time : 5.96s GPU utilization: 4.1MODEL_TFLOP/s/GPU
 [2026-05-07 16:41:23] iteration       73/     100 | consumed samples:           73 | elapsed time per iteration (ms): 5959.3 | learning rate: 7.572290E-05 | global batch size:     1 | lm loss: 7.981063E+00 | loss scale: 1.0 | grad norm: 1.418 | number of skipped iterations:   0 | number of nan iterations:   0 |
Step Time : 5.95s GPU utilization: 4.1MODEL_TFLOP/s/GPU
 [2026-05-07 16:41:29] iteration       74/     100 | consumed samples:           74 | elapsed time per iteration (ms): 5951.4 | learning rate: 7.258614E-05 | global batch size:     1 | lm loss: 7.231090E+00 | loss scale: 1.0 | grad norm: 1.206 | number of skipped iterations:   0 | number of nan iterations:   0 |
Step Time : 5.96s GPU utilization: 4.1MODEL_TFLOP/s/GPU
 [2026-05-07 16:41:35] iteration       75/     100 | consumed samples:           75 | elapsed time per iteration (ms): 5960.1 | learning rate: 6.954058E-05 | global batch size:     1 | lm loss: 8.211905E+00 | loss scale: 1.0 | grad norm: 2.335 | number of skipped iterations:   0 | number of nan iterations:   0 |
Step Time : 5.95s GPU utilization: 4.1MODEL_TFLOP/s/GPU
 [2026-05-07 16:41:41] iteration       76/     100 | consumed samples:           76 | elapsed time per iteration (ms): 5953.4 | learning rate: 6.658924E-05 | global batch size:     1 | lm loss: 7.413207E+00 | loss scale: 1.0 | grad norm: 1.643 | number of skipped iterations:   0 | number of nan iterations:   0 |
Step Time : 5.95s GPU utilization: 4.1MODEL_TFLOP/s/GPU
 [2026-05-07 16:41:47] iteration       77/     100 | consumed samples:           77 | elapsed time per iteration (ms): 5951.9 | learning rate: 6.373500E-05 | global batch size:     1 | lm loss: 7.490401E+00 | loss scale: 1.0 | grad norm: 1.417 | number of skipped iterations:   0 | number of nan iterations:   0 |
Step Time : 5.96s GPU utilization: 4.1MODEL_TFLOP/s/GPU
 [2026-05-07 16:41:53] iteration       78/     100 | consumed samples:           78 | elapsed time per iteration (ms): 5958.4 | learning rate: 6.098071E-05 | global batch size:     1 | lm loss: 8.038588E+00 | loss scale: 1.0 | grad norm: 1.599 | number of skipped iterations:   0 | number of nan iterations:   0 |
Step Time : 5.94s GPU utilization: 4.1MODEL_TFLOP/s/GPU
 [2026-05-07 16:41:59] iteration       79/     100 | consumed samples:           79 | elapsed time per iteration (ms): 5940.3 | learning rate: 5.832907E-05 | global batch size:     1 | lm loss: 6.936083E+00 | loss scale: 1.0 | grad norm: 0.969 | number of skipped iterations:   0 | number of nan iterations:   0 |
Step Time : 5.95s GPU utilization: 4.1MODEL_TFLOP/s/GPU
 [2026-05-07 16:42:05] iteration       80/     100 | consumed samples:           80 | elapsed time per iteration (ms): 5953.7 | learning rate: 5.578270E-05 | global batch size:     1 | lm loss: 7.034303E+00 | loss scale: 1.0 | grad norm: 1.385 | number of skipped iterations:   0 | number of nan iterations:   0 |
Step Time : 5.95s GPU utilization: 4.1MODEL_TFLOP/s/GPU
 [2026-05-07 16:42:10] iteration       81/     100 | consumed samples:           81 | elapsed time per iteration (ms): 5951.7 | learning rate: 5.334412E-05 | global batch size:     1 | lm loss: 7.238673E+00 | loss scale: 1.0 | grad norm: 1.420 | number of skipped iterations:   0 | number of nan iterations:   0 |
Step Time : 5.95s GPU utilization: 4.1MODEL_TFLOP/s/GPU
 [2026-05-07 16:42:16] iteration       82/     100 | consumed samples:           82 | elapsed time per iteration (ms): 5952.2 | learning rate: 5.101573E-05 | global batch size:     1 | lm loss: 6.854463E+00 | loss scale: 1.0 | grad norm: 1.234 | number of skipped iterations:   0 | number of nan iterations:   0 |
Step Time : 5.96s GPU utilization: 4.1MODEL_TFLOP/s/GPU
 [2026-05-07 16:42:22] iteration       83/     100 | consumed samples:           83 | elapsed time per iteration (ms): 5956.6 | learning rate: 4.879983E-05 | global batch size:     1 | lm loss: 7.764774E+00 | loss scale: 1.0 | grad norm: 1.822 | number of skipped iterations:   0 | number of nan iterations:   0 |
Step Time : 5.95s GPU utilization: 4.1MODEL_TFLOP/s/GPU
 [2026-05-07 16:42:28] iteration       84/     100 | consumed samples:           84 | elapsed time per iteration (ms): 5949.7 | learning rate: 4.669860E-05 | global batch size:     1 | lm loss: 8.097395E+00 | loss scale: 1.0 | grad norm: 1.360 | number of skipped iterations:   0 | number of nan iterations:   0 |
Step Time : 5.95s GPU utilization: 4.1MODEL_TFLOP/s/GPU
 [2026-05-07 16:42:34] iteration       85/     100 | consumed samples:           85 | elapsed time per iteration (ms): 5945.7 | learning rate: 4.471412E-05 | global batch size:     1 | lm loss: 8.141417E+00 | loss scale: 1.0 | grad norm: 1.281 | number of skipped iterations:   0 | number of nan iterations:   0 |
Step Time : 5.95s GPU utilization: 4.1MODEL_TFLOP/s/GPU
 [2026-05-07 16:42:40] iteration       86/     100 | consumed samples:           86 | elapsed time per iteration (ms): 5945.6 | learning rate: 4.284835E-05 | global batch size:     1 | lm loss: 7.495532E+00 | loss scale: 1.0 | grad norm: 1.300 | number of skipped iterations:   0 | number of nan iterations:   0 |
Step Time : 5.96s GPU utilization: 4.1MODEL_TFLOP/s/GPU
 [2026-05-07 16:42:46] iteration       87/     100 | consumed samples:           87 | elapsed time per iteration (ms): 5959.3 | learning rate: 4.110313E-05 | global batch size:     1 | lm loss: 6.786541E+00 | loss scale: 1.0 | grad norm: 1.617 | number of skipped iterations:   0 | number of nan iterations:   0 |
Step Time : 5.96s GPU utilization: 4.1MODEL_TFLOP/s/GPU
 [2026-05-07 16:42:52] iteration       88/     100 | consumed samples:           88 | elapsed time per iteration (ms): 5956.5 | learning rate: 3.948018E-05 | global batch size:     1 | lm loss: 7.964052E+00 | loss scale: 1.0 | grad norm: 1.450 | number of skipped iterations:   0 | number of nan iterations:   0 |
Step Time : 5.96s GPU utilization: 4.1MODEL_TFLOP/s/GPU
 [2026-05-07 16:42:58] iteration       89/     100 | consumed samples:           89 | elapsed time per iteration (ms): 5955.7 | learning rate: 3.798110E-05 | global batch size:     1 | lm loss: 7.060864E+00 | loss scale: 1.0 | grad norm: 2.569 | number of skipped iterations:   0 | number of nan iterations:   0 |
Step Time : 5.95s GPU utilization: 4.1MODEL_TFLOP/s/GPU
 [2026-05-07 16:43:04] iteration       90/     100 | consumed samples:           90 | elapsed time per iteration (ms): 5954.6 | learning rate: 3.660737E-05 | global batch size:     1 | lm loss: 6.591818E+00 | loss scale: 1.0 | grad norm: 0.841 | number of skipped iterations:   0 | number of nan iterations:   0 |
Step Time : 5.95s GPU utilization: 4.1MODEL_TFLOP/s/GPU
 [2026-05-07 16:43:10] iteration       91/     100 | consumed samples:           91 | elapsed time per iteration (ms): 5951.3 | learning rate: 3.536035E-05 | global batch size:     1 | lm loss: 6.726574E+00 | loss scale: 1.0 | grad norm: 1.074 | number of skipped iterations:   0 | number of nan iterations:   0 |
Step Time : 5.95s GPU utilization: 4.1MODEL_TFLOP/s/GPU
 [2026-05-07 16:43:16] iteration       92/     100 | consumed samples:           92 | elapsed time per iteration (ms): 5953.9 | learning rate: 3.424127E-05 | global batch size:     1 | lm loss: 6.898337E+00 | loss scale: 1.0 | grad norm: 1.320 | number of skipped iterations:   0 | number of nan iterations:   0 |
Step Time : 5.96s GPU utilization: 4.1MODEL_TFLOP/s/GPU
 [2026-05-07 16:43:22] iteration       93/     100 | consumed samples:           93 | elapsed time per iteration (ms): 5956.0 | learning rate: 3.325124E-05 | global batch size:     1 | lm loss: 7.370476E+00 | loss scale: 1.0 | grad norm: 4.556 | number of skipped iterations:   0 | number of nan iterations:   0 |
Step Time : 5.95s GPU utilization: 4.1MODEL_TFLOP/s/GPU
 [2026-05-07 16:43:28] iteration       94/     100 | consumed samples:           94 | elapsed time per iteration (ms): 5948.5 | learning rate: 3.239122E-05 | global batch size:     1 | lm loss: 7.802085E+00 | loss scale: 1.0 | grad norm: 1.138 | number of skipped iterations:   0 | number of nan iterations:   0 |
Step Time : 5.95s GPU utilization: 4.1MODEL_TFLOP/s/GPU
 [2026-05-07 16:43:34] iteration       95/     100 | consumed samples:           95 | elapsed time per iteration (ms): 5948.7 | learning rate: 3.166208E-05 | global batch size:     1 | lm loss: 6.842338E+00 | loss scale: 1.0 | grad norm: 1.032 | number of skipped iterations:   0 | number of nan iterations:   0 |
Step Time : 5.95s GPU utilization: 4.1MODEL_TFLOP/s/GPU
 [2026-05-07 16:43:40] iteration       96/     100 | consumed samples:           96 | elapsed time per iteration (ms): 5949.9 | learning rate: 3.106452E-05 | global batch size:     1 | lm loss: 7.630775E+00 | loss scale: 1.0 | grad norm: 1.172 | number of skipped iterations:   0 | number of nan iterations:   0 |
Step Time : 5.95s GPU utilization: 4.1MODEL_TFLOP/s/GPU
 [2026-05-07 16:43:46] iteration       97/     100 | consumed samples:           97 | elapsed time per iteration (ms): 5947.5 | learning rate: 3.059913E-05 | global batch size:     1 | lm loss: 7.225886E+00 | loss scale: 1.0 | grad norm: 1.048 | number of skipped iterations:   0 | number of nan iterations:   0 |
Step Time : 5.96s GPU utilization: 4.1MODEL_TFLOP/s/GPU
 [2026-05-07 16:43:52] iteration       98/     100 | consumed samples:           98 | elapsed time per iteration (ms): 5959.0 | learning rate: 3.026639E-05 | global batch size:     1 | lm loss: 8.073198E+00 | loss scale: 1.0 | grad norm: 1.816 | number of skipped iterations:   0 | number of nan iterations:   0 |
Step Time : 5.96s GPU utilization: 4.1MODEL_TFLOP/s/GPU
 [2026-05-07 16:43:58] iteration       99/     100 | consumed samples:           99 | elapsed time per iteration (ms): 5957.3 | learning rate: 3.006661E-05 | global batch size:     1 | lm loss: 6.945981E+00 | loss scale: 1.0 | grad norm: 2.104 | number of skipped iterations:   0 | number of nan iterations:   0 |
Step Time : 5.96s GPU utilization: 4.1MODEL_TFLOP/s/GPU
 [2026-05-07 16:44:04] iteration      100/     100 | consumed samples:          100 | elapsed time per iteration (ms): 5959.2 | learning rate: 3.000000E-05 | global batch size:     1 | lm loss: 7.337554E+00 | loss scale: 1.0 | grad norm: 1.981 | number of skipped iterations:   0 | number of nan iterations:   0 |
Deleting CUDA graphs
[after training is done] datetime: 2026-05-07 16:44:04 
Evaluating on 32 samples
Evaluating iter 1/32
Evaluating iter 2/32
Evaluating iter 3/32
Evaluating iter 4/32
Evaluating iter 5/32
Evaluating iter 6/32
Evaluating iter 7/32
Evaluating iter 8/32
Evaluating iter 9/32
Evaluating iter 10/32
Evaluating iter 11/32
Evaluating iter 12/32
Evaluating iter 13/32
Evaluating iter 14/32
Evaluating iter 15/32
Evaluating iter 16/32
Evaluating iter 17/32
Evaluating iter 18/32
Evaluating iter 19/32
Evaluating iter 20/32
Evaluating iter 21/32
Evaluating iter 22/32
Evaluating iter 23/32
Evaluating iter 24/32
Evaluating iter 25/32
Evaluating iter 26/32
Evaluating iter 27/32
Evaluating iter 28/32
Evaluating iter 29/32
Evaluating iter 30/32
Evaluating iter 31/32
Evaluating iter 32/32
INFO:megatron.core.timers:(min, max) time across ranks (ms):
    evaluate .......................................: (58362.27, 58363.44)
-----------------------------------------------------------------------------------------------------------------
 validation loss at iteration 100 on validation set | lm loss value: 7.345267E+00 | lm loss PPL: 1.548849E+03 | 
-----------------------------------------------------------------------------------------------------------------
Evaluating on 32 samples
Evaluating iter 1/32
Evaluating iter 2/32
Evaluating iter 3/32
Evaluating iter 4/32
Evaluating iter 5/32
Evaluating iter 6/32
Evaluating iter 7/32
Evaluating iter 8/32
Evaluating iter 9/32
Evaluating iter 10/32
Evaluating iter 11/32
Evaluating iter 12/32
Evaluating iter 13/32
Evaluating iter 14/32
Evaluating iter 15/32
Evaluating iter 16/32
Evaluating iter 17/32
Evaluating iter 18/32
Evaluating iter 19/32
Evaluating iter 20/32
Evaluating iter 21/32
Evaluating iter 22/32
Evaluating iter 23/32
Evaluating iter 24/32
Evaluating iter 25/32
Evaluating iter 26/32
Evaluating iter 27/32
Evaluating iter 28/32
Evaluating iter 29/32
Evaluating iter 30/32
Evaluating iter 31/32
Evaluating iter 32/32
INFO:megatron.core.timers:(min, max) time across ranks (ms):
    evaluate .......................................: (57887.59, 57887.80)
-----------------------------------------------------------------------------------------------------------
 validation loss at iteration 100 on test set | lm loss value: 7.520969E+00 | lm loss PPL: 1.846356E+03 | 
-----------------------------------------------------------------------------------------------------------
